"Time (s)","Linear Acceleration x (m/s^2)","Linear Acceleration y (m/s^2)","Linear Acceleration z (m/s^2)","Absolute acceleration (m/s^2)"
1.525142917E-1,1.366037484E-2,-1.199141139E-1,1.307788710E-2,1.213961765E-1
1.624932917E-1,-1.007784063E-2,-8.548746228E-2,3.332210342E-2,9.230401755E-2
1.725032917E-1,1.973727643E-3,-1.275470692E-1,6.893867254E-3,1.277484867E-1
1.825132917E-1,-2.061183717E-2,-1.128775746E-1,1.775330703E-2,1.161093217E-1
1.924922917E-1,-3.256928355E-2,-7.949815929E-2,3.274674654E-2,9.194055128E-2
2.025022917E-1,1.039178129E-2,-1.121308851E-1,9.146219292E-3,1.129822015E-1
2.124812917E-1,-1.348210786E-2,-1.018023634E-1,-1.712064743E-3,1.027054993E-1
2.224912917E-1,9.799695890E-3,-9.566746473E-2,-1.778956433E-2,9.779962396E-2
2.324702917E-1,1.499494700E-2,-1.118350160E-1,-7.556941509E-3,1.130885786E-1
2.424802917E-1,9.666690007E-3,-1.097411281E-1,-7.035369873E-3,1.103904730E-1
2.524892917E-1,-4.966131616E-3,-1.163286012E-1,1.872864087E-2,1.179311999E-1
2.624692917E-1,-2.597132195E-3,-9.780052900E-2,7.622434893E-3,9.813149384E-2
2.724782917E-1,1.214759052E-2,-9.749121130E-2,-8.753277264E-3,9.863427446E-2
2.824582917E-1,3.213063274E-3,-1.203468078E-1,-9.908687077E-3,1.207967715E-1
2.924672917E-1,5.149240829E-3,-1.055539370E-1,-1.538636327E-2,1.067936724E-1
3.024472917E-1,1.871200372E-3,-1.257016879E-1,-4.342142344E-3,1.257905797E-1
3.124562917E-1,-2.744171396E-2,-8.731120884E-2,1.667041183E-2,9.302793927E-2
3.224662917E-1,-8.068591151E-3,-1.068865174E-1,7.211955786E-3,1.074329655E-1
3.324452917E-1,-6.725686714E-3,-8.921506226E-2,-1.056941788E-2,9.009037013E-2
3.424552917E-1,1.847610511E-3,-1.040500331E-1,1.611259202E-2,1.053064038E-1
3.524352917E-1,-1.810829697E-2,-1.209677821E-1,1.093897561E-2,1.228038107E-1
3.624442917E-1,-2.783256378E-3,-1.085482961E-1,-6.996773682E-3,1.088091630E-1
3.724242917E-1,1.706107892E-3,-9.732515037E-2,-4.888272285E-4,9.734133064E-2
3.824332917E-1,-1.253794698E-2,-9.897289574E-2,-2.152827402E-2,1.020602802E-1
3.924432917E-1,-1.014053375E-2,-9.586393118E-2,6.529000998E-3,9.661962316E-2
4.024222917E-1,-3.062314745E-3,-1.045488006E-1,-2.338301996E-2,1.071755340E-1
4.124322917E-1,-1.685693800E-2,-7.012741148E-2,-3.348115683E-3,7.220263208E-2
4.224112917E-1,-1.123573551E-2,-9.900330126E-2,-1.686687827E-2,1.010563555E-1
4.324212917E-1,-2.294849418E-2,-7.162371397E-2,-3.563877940E-2,8.322687298E-2
4.424002917E-1,9.028283693E-3,-1.479655463E-1,-1.161841750E-2,1.486953275E-1
4.524102917E-1,-1.623537898E-2,-1.142768133E-1,-5.344309425E-4,1.154255743E-1
4.624202917E-1,-1.670368614E-2,-1.062094098E-1,6.498600044E-3,1.077111121E-1
4.723992917E-1,-3.180317039E-2,-5.666712105E-2,-2.800811729E-3,6.504190035E-2
4.824092917E-1,1.342122372E-2,-1.135540974E-1,1.023263196E-2,1.148014331E-1
4.923882917E-1,-1.138341425E-2,-1.173115182E-1,-2.269884548E-3,1.178843789E-1
5.023982917E-1,1.684027344E-2,-1.264542246E-1,-3.684915304E-3,1.276238392E-1
5.123772917E-1,-1.555085275E-3,-8.696154535E-2,-1.027939598E-2,8.758078923E-2
5.223872917E-1,-1.550626773E-2,-1.083570921E-1,-5.871773958E-3,1.096183447E-1
5.323972917E-1,-1.540332019E-2,-1.085149670E-1,-1.821991940E-2,1.111068215E-1
5.423762917E-1,1.057490878E-2,-1.237902331E-1,-1.059631507E-2,1.246921505E-1
5.523862917E-1,8.585174382E-3,-1.037553334E-1,-3.300168514E-2,1.092153179E-1
5.623652917E-1,6.613109540E-3,-1.211057764E-1,-3.282509466E-2,1.256496285E-1
5.723752917E-1,-2.236559987E-4,-9.147150278E-2,-2.407883406E-2,9.458792784E-2
5.823542917E-1,-1.266835816E-4,-1.224424499E-1,-8.025883636E-3,1.227052745E-1
5.923642917E-1,-4.738179741E-2,-1.019374341E-1,3.912965851E-3,1.124792714E-1
6.023732917E-1,2.574602142E-5,-7.051332772E-2,-2.877766569E-2,7.615959619E-2
6.123532917E-1,1.853596598E-2,-1.344421059E-1,-2.985939145E-2,1.389598688E-1
6.223622917E-1,1.488366717E-2,-1.305425978E-1,-3.195502897E-2,1.352184058E-1
6.323422917E-1,3.552731685E-4,-1.178161329E-1,-1.118221065E-2,1.183461416E-1
6.423512917E-1,1.192106573E-2,-1.252976453E-1,3.946870565E-3,1.259253331E-1
6.523312917E-1,-2.056319565E-2,-5.823943734E-2,9.998738766E-4,6.177116499E-2
6.623412917E-1,1.064783452E-2,-9.670768440E-2,3.076688389E-2,1.020409415E-1
6.723502917E-1,-8.310903423E-3,-6.784231961E-2,4.663743773E-3,6.850840789E-2
6.823302917E-1,2.064372277E-2,-1.105082828E-1,3.104987542E-2,1.166290642E-1
6.923392917E-1,-1.262450404E-4,-8.670134425E-2,-1.476188064E-2,8.794914526E-2
7.023192917E-1,2.146463530E-2,-1.226202053E-1,-1.111321350E-2,1.249797937E-1
7.123639167E-1,1.695820447E-2,-9.043420672E-2,-1.653475642E-2,9.348435492E-2
7.223439167E-1,1.382656367E-2,-7.979461312E-2,1.546012955E-3,8.099842161E-2
7.323529167E-1,-3.651604448E-3,-6.752715468E-2,-1.521678488E-2,6.931667459E-2
7.423629167E-1,9.632209707E-3,-1.071823865E-1,-7.694926662E-3,1.078890881E-1
7.523419167E-1,1.107477263E-2,-1.172127002E-1,-1.506124894E-2,1.186941823E-1
7.623519167E-1,7.359323893E-3,-1.091154760E-1,-1.867950599E-2,1.109471527E-1
7.723309167E-1,1.631793436E-3,-1.032787853E-1,-2.300293724E-2,1.058220458E-1
7.823409167E-1,-8.319930062E-3,-1.215337926E-1,-1.736856937E-2,1.230501978E-1
7.923199167E-1,1.006082889E-2,-1.448799706E-1,-9.987044334E-4,1.452323089E-1
8.023299167E-1,-5.069828331E-3,-9.816890359E-2,-3.132821202E-2,1.031711862E-1
8.123399167E-1,1.043137791E-2,-1.070034617E-1,1.226863245E-2,1.082084738E-1
8.223189167E-1,-7.887163013E-3,-9.981372535E-2,2.203932524E-2,1.025217975E-1
8.323289167E-1,8.875196278E-3,-9.831216037E-2,-2.006998301E-2,1.007315949E-1
8.423079167E-1,2.445660073E-2,-8.199433565E-2,-1.428591728E-2,8.674839382E-2
8.523179167E-1,-1.572279744E-3,-1.086377585E-1,-1.397834917E-2,1.095446433E-1
8.622969167E-1,-5.452035237E-3,-1.334913486E-1,-3.749818484E-2,1.387651927E-1
8.723069167E-1,-1.917101014E-3,-1.197147238E-1,2.405549088E-3,1.197542360E-1
8.823169167E-1,-2.286961159E-2,-8.603651583E-2,1.251538495E-2,8.989958871E-2
8.922959167E-1,-1.733350435E-2,-9.875479460E-2,-1.727500479E-2,1.017417595E-1
9.023059167E-1,-1.217189301E-2,-9.680767179E-2,-2.870982885E-3,9.761210396E-2
9.122849167E-1,-4.265141822E-3,-1.066842037E-1,-5.192327499E-3,1.068956081E-1
9.222949167E-1,-7.480617072E-3,-8.377422810E-2,-6.396853924E-4,8.410998824E-2
9.322739167E-1,-8.792092726E-3,-9.290640950E-2,1.211893916E-2,9.410510351E-2
9.422839167E-1,-3.312922753E-2,-9.830046594E-2,1.349537373E-3,1.037417398E-1
9.522939167E-1,-2.291267999E-3,-1.345245516E-1,-1.070040464E-2,1.349688985E-1
9.622729167E-1,-1.796712326E-2,-1.348268527E-1,-3.378286859E-2,1.401512752E-1
9.722829167E-1,-2.614580652E-2,-1.198597348E-1,5.133763980E-4,1.226793494E-1
9.822619167E-1,2.162000678E-2,-7.914498746E-2,-1.386726578E-2,8.320850193E-2
9.922719167E-1,-3.864499742E-2,-4.995276332E-2,1.556646208E-2,6.504636139E-2
1.002250917E0,1.195139816E-2,-9.291342616E-2,8.038756647E-3,9.402320079E-2
1.012260917E0,4.093160592E-3,-9.770346522E-2,2.217966755E-2,1.002729212E-1
1.022269917E0,1.407532616E-2,-1.252555454E-1,-2.435363949E-2,1.283750997E-1
1.032249917E0,2.128932847E-2,-1.278014231E-1,-2.987107675E-2,1.329613495E-1
1.042258917E0,9.074239153E-3,-1.234674668E-1,-2.800815841E-2,1.269291697E-1
1.052238917E0,5.976073667E-3,-1.141902745E-1,-1.592313766E-2,1.154498963E-1
1.062247917E0,-6.712786295E-3,-9.037982762E-2,-4.294195175E-3,9.073045163E-2
1.072227917E0,-9.282363486E-3,-6.224594951E-2,3.964416781E-3,6.305899700E-2
1.082236917E0,-6.008123718E-3,-6.927664161E-2,9.325139523E-3,7.015916797E-2
1.092246917E0,2.254094325E-2,-1.288498288E-1,-1.755918860E-2,1.319799137E-1
1.102225917E0,5.591765419E-3,-1.101363999E-1,-3.151297490E-2,1.146924671E-1
1.112235917E0,-8.094921894E-4,-1.524930453E-1,-1.999162575E-2,1.538000301E-1
1.122214917E0,-7.613421958E-3,-1.249473971E-1,-1.281474869E-2,1.258333581E-1
1.132224917E0,-6.999336407E-3,-1.182084811E-1,-1.473966122E-2,1.193293481E-1
1.142203917E0,-5.166654568E-3,-9.351042688E-2,-9.030435286E-3,9.408742220E-2
1.152213917E0,-6.581278760E-3,-8.692938566E-2,3.059267798E-3,8.723182012E-2
1.162223917E0,-2.705872133E-3,-9.636269867E-2,-5.416869717E-3,9.655275199E-2
1.172202917E0,3.171164319E-3,-1.000996542E-1,1.162777305E-2,1.008226272E-1
1.182212917E0,-4.522346221E-3,-1.234510946E-1,-1.573953509E-2,1.245325554E-1
1.192191917E0,6.485238243E-3,-1.047388351E-1,-1.064101886E-4,1.049394741E-1
1.202201917E0,-2.662456557E-3,-9.935062587E-2,-3.895415068E-3,9.946260501E-2
1.212211917E0,8.190925866E-3,-1.304876339E-1,3.267428675E-3,1.307852819E-1
1.222190917E0,-2.398283008E-2,-1.024970126E-1,-8.728714390E-3,1.056267210E-1
1.232200917E0,2.562302889E-2,-8.288895965E-2,1.386024455E-2,8.785912371E-2
1.242179917E0,2.242407203E-4,-9.591363251E-2,-1.032151421E-2,9.646765697E-2
1.252189917E0,2.411380772E-2,-1.156690353E-1,3.214799166E-3,1.181995617E-1
1.262168917E0,-6.725577079E-4,-1.189604330E-1,-3.218307495E-2,1.232387409E-1
1.272178917E0,6.890194472E-3,-1.298853707E-1,-2.158440729E-2,1.318467707E-1
1.282188917E0,-1.187271656E-2,-1.330270797E-1,-2.075761100E-2,1.351593273E-1
1.292167917E0,4.242538679E-3,-1.310764486E-1,-1.285684864E-2,1.317737950E-1
1.302177917E0,-2.283650173E-2,-7.045602500E-2,-1.215168357E-2,7.505478455E-2
1.312156917E0,-9.094667863E-3,-8.332048416E-2,-1.819886486E-2,8.576837848E-2
1.322166917E0,-2.633353868E-2,-9.424834549E-2,-2.102775693E-2,1.000918201E-1
1.332145917E0,-5.698824283E-3,-9.394545972E-2,-1.006657560E-2,9.465496260E-2
1.342155917E0,-1.731073676E-2,-1.108637935E-1,-1.661193053E-2,1.134301483E-1
1.352164917E0,-4.026027247E-3,-1.232850337E-1,-2.043133636E-2,1.250313878E-1
1.362144917E0,3.737156522E-3,-1.258326656E-1,-1.785735092E-3,1.259008138E-1
1.372153917E0,9.365649763E-3,-1.205923909E-1,-9.425702496E-3,1.213222321E-1
1.382133917E0,8.482756745E-3,-9.320344806E-2,-7.168681822E-3,9.386282486E-2
1.392142917E0,1.168012390E-2,-1.053299886E-1,2.315965632E-2,1.084767324E-1
1.402122917E0,1.811905950E-3,-7.120505333E-2,3.268710494E-2,7.837020768E-2
1.412131917E0,-1.170477357E-2,-8.393093348E-2,1.057058732E-2,8.539988662E-2
1.422141917E0,1.595924422E-3,-1.024964279E-1,-2.220772505E-3,1.025329047E-1
1.432120917E0,7.131830659E-3,-9.845483243E-2,3.564467230E-3,9.877713533E-2
1.442130917E0,2.470845127E-2,-1.499454135E-1,-2.006646554E-2,1.532866518E-1
1.452109917E0,-2.519419044E-4,-1.286872762E-1,-2.317133705E-2,1.307569861E-1
1.462119917E0,9.066948406E-3,-1.259905404E-1,-5.771201849E-3,1.264481419E-1
1.472098917E0,-9.384159856E-3,-8.451916337E-2,6.872817278E-3,8.531580774E-2
1.482108917E0,-1.770354174E-2,-1.223851472E-1,2.413028955E-2,1.259913113E-1
1.492118917E0,-3.273676973E-2,-9.319643140E-2,-2.029100776E-2,1.008414395E-1
1.502097917E0,-2.981458716E-3,-1.422937471E-1,-1.409997582E-2,1.430217077E-1
1.512107917E0,-1.989420108E-2,-1.283691877E-1,-3.953653336E-2,1.357849957E-1
1.522086917E0,2.668075366E-2,-1.587507355E-1,-2.104529401E-2,1.623470451E-1
1.532096917E0,-1.017431969E-2,-1.207303852E-1,-1.502500077E-2,1.220864175E-1
1.542075917E0,6.685377471E-4,-1.259665668E-1,2.309533238E-2,1.280680181E-1
1.552085917E0,-2.381070267E-2,-9.348586857E-2,1.783400774E-3,9.648698204E-2
1.562095917E0,-9.863521904E-3,-9.244038641E-2,-1.623187065E-3,9.297929254E-2
1.572074917E0,4.722430632E-3,-7.119394362E-2,-2.073422670E-3,7.138051583E-2
1.582084917E0,4.849041123E-3,-8.975476027E-2,-6.144249639E-3,9.009540495E-2
1.592063917E0,6.528781727E-4,-9.095753253E-2,-2.373960419E-3,9.099084933E-2
1.602073917E0,-8.833279051E-3,-9.559086621E-2,-3.875529966E-3,9.607632515E-2
1.612052917E0,2.508409834E-2,-1.253824300E-1,-5.040254211E-4,1.278679779E-1
1.622062917E0,1.767843526E-2,-9.768592358E-2,-1.998577396E-2,1.012644948E-1
1.632072917E0,2.465469344E-2,-1.054755843E-1,-8.039930658E-3,1.086167265E-1
1.642051917E0,-6.380426902E-3,-1.068251216E-1,-8.181433277E-3,1.073277798E-1
1.652061917E0,-1.846547049E-2,-1.219436824E-1,5.711560249E-3,1.234660164E-1
1.662040917E0,-2.913340481E-2,-9.305317461E-2,-8.568509817E-3,9.788292978E-2
1.672050917E0,-8.782170732E-3,-1.204450411E-1,2.385664443E-2,1.230986349E-1
1.682029917E0,1.520202979E-3,-9.769644856E-2,-6.521984339E-3,9.792570326E-2
1.692039917E0,-1.970937425E-2,-1.119110298E-1,-1.547291120E-2,1.146819472E-1
1.702048917E0,4.649906885E-3,-1.077162373E-1,-1.216221769E-2,1.085003638E-1
1.712046917E0,-1.312630478E-2,-1.120513630E-1,-1.347081542E-2,1.136189715E-1
1.722055917E0,-2.051696610E-3,-1.044166535E-1,1.833570798E-2,1.060341699E-1
1.732035917E0,-3.458445333E-4,-1.081600410E-1,1.171197752E-2,1.087928513E-1
1.742044917E0,-1.824217994E-2,-1.128056538E-1,1.177513202E-2,1.148762221E-1
1.752024917E0,-2.276317399E-2,-9.723861158E-2,2.952843904E-3,9.991110528E-2
1.762033917E0,-1.347783208E-2,-1.060714155E-1,5.588768721E-3,1.070702176E-1
1.772043917E0,-9.979004413E-3,-8.811052322E-2,1.765976071E-2,9.041521985E-2
1.782022917E0,1.115904562E-4,-1.069707173E-1,3.273527138E-5,1.069707805E-1
1.792032917E0,-1.674690071E-2,-8.242469072E-2,2.311989069E-3,8.414055870E-2
1.802011917E0,-3.331688661E-3,-1.123606807E-1,-2.115513487E-3,1.124299698E-1
1.812021917E0,1.890488874E-2,-1.107164437E-1,8.786017103E-3,1.126619715E-1
1.822000917E0,9.268951435E-3,-1.011375350E-1,-1.942795416E-2,1.034029006E-1
1.832010917E0,-7.523246929E-3,-8.557575524E-2,-6.674021082E-3,8.616467772E-2
1.842020917E0,-7.874134686E-3,-9.141536951E-2,-7.546425657E-3,9.206367536E-2
1.851999917E0,2.081232358E-2,-7.913738608E-2,-6.268215179E-3,8.206807668E-2
1.862009917E0,-5.154631231E-3,-6.446613729E-2,-3.775313258E-2,7.488492572E-2
1.871988917E0,-1.235598894E-2,-9.605338097E-2,-3.239006182E-2,1.021177681E-1
1.881998917E0,-4.374101032E-3,-1.056340438E-1,-2.754622837E-2,1.092541929E-1
1.891977917E0,-5.033813138E-3,-1.237405318E-1,-6.582790813E-3,1.240177069E-1
1.901987917E0,-4.297484234E-3,-1.210443807E-1,-3.345075130E-2,1.256549371E-1
1.911997917E0,-1.283275628E-2,-1.167045772E-1,-4.907801986E-2,1.272528585E-1
1.921976917E0,1.470694239E-1,-2.268760604E-1,-2.259364128E-1,3.523484424E-1
1.931986917E0,-7.113844989E-2,1.197907376E-1,-6.023953593E-1,6.182965864E-1
1.941965917E0,-2.990730938E-1,1.718601930E-1,-4.115878487E-1,5.370150823E-1
1.951975917E0,8.748757549E-2,-3.222950184E-1,-2.636415982E-1,4.254821349E-1
1.961954917E0,8.353708696E-2,-1.269880754E-1,-3.780868113E-1,4.074973044E-1
1.971964917E0,-1.970142569E-2,2.455830574E-3,-4.703324854E-1,4.707513400E-1
1.981974917E0,-1.038037557E-1,3.263506472E-2,-6.549396086E-1,6.639172825E-1
1.991953917E0,-1.018366244E-1,8.952671885E-3,-5.752479064E-1,5.842610737E-1
2.001963917E0,1.870268472E-1,-2.206394202E-1,-7.270498109E-1,7.824718671E-1
2.011942917E0,-4.431568198E-2,-2.168200189E-1,-6.005780447E-1,6.400537384E-1
2.021952917E0,-3.526457587E-2,-1.134792531E-1,-5.173148632E-1,5.307879039E-1
2.031961917E0,7.651898464E-2,-1.890673792E-1,-6.381651163E-1,6.699674205E-1
2.041941917E0,5.531652387E-2,-1.311325818E-1,-6.124280119E-1,6.287477567E-1
2.051950917E0,-5.998508703E-2,-1.313132608E-1,-3.059917935E-1,3.383376432E-1
2.061930917E0,-9.919180088E-3,-1.894731760E-1,-5.150087214E-1,5.488464791E-1
2.071939917E0,6.080007926E-2,-7.578342319E-2,-6.684455073E-1,6.754695945E-1
2.081919917E0,-1.603811585E-1,3.602294147E-2,-2.502783716E-1,2.994311801E-1
2.091928917E0,-8.605690800E-2,-1.646382970E-1,-1.185230521E-1,2.203616893E-1
2.101938917E0,-5.067776324E-2,-6.622264087E-2,-4.122591090E-1,4.206081868E-1
2.111917917E0,1.227633890E-2,-4.995217860E-2,-3.692621934E-1,3.728277030E-1
2.121927917E0,3.135171052E-2,-2.523868775E-1,-3.620139849E-1,4.424208302E-1
2.131906917E0,-1.512684374E-1,-9.300873578E-2,-4.469599950E-1,4.809428264E-1
2.141916917E0,-2.712234635E-2,-5.683318198E-2,-3.544944656E-1,3.600443839E-1
2.151895917E0,-2.289524797E-2,-8.428761363E-2,-1.950654531E-1,2.137267535E-1
2.161905917E0,-7.546288613E-2,-3.169541717E-2,-3.432420838E-1,3.528659444E-1
2.171915917E0,1.031878977E-1,-1.411827761E-1,-6.497870421E-1,6.729067682E-1
2.181894917E0,6.184837539E-3,-1.081857687E-1,-4.753002799E-1,4.874964295E-1
2.191904917E0,8.765800355E-2,-2.803506017E-2,-5.136977756E-1,5.218767046E-1
2.201883917E0,1.060757644E-1,-3.018800497E-1,-6.392538679E-1,7.148630217E-1
2.211893917E0,-5.367767723E-2,-1.352221245E-1,-2.277116275E-1,2.702200978E-1
2.221872917E0,-1.720473222E-1,-4.516623259E-2,-9.857585153E-2,2.033653563E-1
2.231882917E0,3.462269777E-2,-9.954124510E-2,3.761749545E-2,1.119029340E-1
2.241892917E0,2.487842252E-2,-3.120366633E-1,3.407289505E-2,3.148758125E-1
2.251871917E0,-3.595028982E-2,-7.036422372E-2,-5.338158885E-2,9.535796425E-2
2.261881917E0,1.221367685E-1,-7.732299507E-2,-1.580443919E-1,2.141827854E-1
2.271860917E0,-5.654834948E-2,-2.167270482E-1,1.403191423E-1,2.643062446E-1
2.281870917E0,-1.608252911E-1,-1.649733424E-2,4.126649058E-1,4.432034079E-1
2.291849917E0,-6.003040295E-2,-1.373516804E-1,3.109619451E-1,3.452049604E-1
2.301859917E0,1.642134419E-1,-1.739418018E-1,1.527035634E-1,2.837960239E-1
2.311869917E0,-2.350562420E-2,2.034363270E-2,-5.102982044E-2,5.975299436E-2
2.321848917E0,-8.524171477E-2,-9.128556132E-2,1.109099865E-1,1.670336156E-1
2.331858917E0,-1.215557562E-2,-3.023185909E-2,3.845234263E-1,3.859015272E-1
2.341837917E0,5.469646320E-2,-6.275231838E-2,1.512627912E-1,1.726556936E-1
2.351847917E0,3.637627775E-2,-2.716060907E-1,2.790059248E-2,2.754478991E-1
2.361826917E0,6.939395137E-2,-6.956315517E-2,-1.468235850E-1,1.766683847E-1
2.371836917E0,4.097429059E-2,-2.909247065E-1,1.639185047E-1,3.364303100E-1
2.381845917E0,1.523345858E-3,-8.669783592E-2,-2.180075884E-1,2.346191466E-1
2.391825917E0,-3.009803094E-2,-6.430943191E-2,-1.546471596E-2,7.266878242E-2
2.401834917E0,-3.540907519E-2,-2.124907404E-1,4.250294280E-1,4.765040735E-1
2.411814917E0,-1.442495311E-2,-1.967219692E-1,1.478749327E-1,2.465250660E-1
2.421823917E0,-2.678598527E-2,5.114150226E-2,-2.362719329E-1,2.432228783E-1
2.431803917E0,8.346730409E-2,-2.116692066E-2,-7.442100367E-2,1.138126319E-1
2.441812917E0,-1.658946078E-1,-2.205686688E-2,3.882481027E-1,4.227814039E-1
2.451822917E0,-1.576721800E-2,-1.684454191E-1,2.195617966E-1,2.771819743E-1
2.461801917E0,7.738126623E-2,-1.869249594E-1,2.576704033E-1,3.276016446E-1
2.471811917E0,-4.780000124E-2,-1.645008874E-1,2.856435013E-1,3.330729528E-1
2.481790917E0,3.245274123E-2,-2.041257137E-1,5.846983591E-2,2.148003937E-1
2.491800917E0,-4.652879829E-2,-3.078968346E-2,8.565237204E-2,1.022216343E-1
2.501779917E0,2.692788988E-3,-1.260495973E-1,3.742954767E-1,3.949593092E-1
2.511789917E0,2.935941797E-2,-1.218717617E-1,2.433459492E-1,2.737370138E-1
2.521799917E0,1.654880801E-2,-1.625841701E-1,7.961219827E-2,1.817844260E-1
2.531778917E0,-4.442500664E-2,8.370289207E-3,-6.338496884E-2,7.785433342E-2
2.541788917E0,1.272268428E-1,-1.105784494E-1,6.773533383E-2,1.816654575E-1
2.551767917E0,1.535155406E-2,-3.768682516E-1,5.791318098E-2,3.816009510E-1
2.561777917E0,-2.416912055E-1,-5.460363865E-2,-1.844714860E-1,3.089108695E-1
2.571756917E0,1.518223331E-1,-1.772080564E-1,-1.941018319E-1,3.035263370E-1
2.581766917E0,3.649702275E-2,-9.037456512E-3,8.646745563E-2,9.428854211E-2
2.591776917E0,-7.990172680E-2,1.466820824E-1,1.227552942E-1,2.072891254E-1
2.601755917E0,1.805167034E-2,-2.440048939E-1,2.187057459E-1,3.281713795E-1
2.611765917E0,-1.837049709E-1,-6.830717325E-2,7.737620473E-2,2.107141744E-1
2.621744917E0,7.700344473E-3,4.199470282E-2,-1.952747834E-1,1.998876969E-1
2.631754917E0,6.884391110E-2,-1.740014434E-1,2.235928671E-1,2.915643267E-1
2.641733917E0,-1.220123689E-1,-1.827710974E-1,4.594660199E-1,5.093145547E-1
2.651743917E0,6.961916054E-2,-3.898017079E-1,2.308950344E-2,3.966425647E-1
2.661753917E0,7.948946156E-2,-9.206324100E-2,-8.436245799E-2,1.480244546E-1
2.671732917E0,1.697658665E-2,-6.362296879E-2,1.572386638E-1,1.704701852E-1
2.681742917E0,-1.208158459E-1,2.317257410E-1,7.535893360E-2,2.719784119E-1
2.691721917E0,-2.588653732E-2,2.988745809E-2,1.201894995E-1,1.265262374E-1
2.701731917E0,1.677252614E-1,-2.313351470E-1,3.717975461E-1,4.689148418E-1
2.711731292E0,-8.806422058E-2,-2.120130229E-1,6.041343212E-3,2.296547989E-1
2.721741292E0,-2.268995589E-2,-2.301294512E-1,-6.385744214E-2,2.399003362E-1
2.731750292E0,4.009490591E-2,-2.967321610E-1,6.940060258E-2,3.073662644E-1
2.741730292E0,-6.779245382E-2,-7.833573282E-2,9.692929387E-2,1.418717443E-1
2.751739292E0,-9.943343706E-2,4.294078231E-2,2.317485452E-1,2.558091229E-1
2.761719292E0,3.762730781E-2,-3.818231821E-4,4.184267521E-3,3.786116977E-2
2.771728292E0,1.384813259E-1,-7.000929773E-2,-1.830108333E-1,2.399402936E-1
2.781708292E0,-1.277696471E-1,-1.434029639E-1,-1.139154553E-2,1.924038983E-1
2.791717292E0,-8.681978691E-2,-3.526976162E-1,2.056278817E-1,4.173920335E-1
2.801727292E0,6.080578029E-2,-3.534817278E-1,5.884871721E-2,3.634691821E-1
2.811707292E0,-2.171150840E-1,-1.118876410E-1,4.149768949E-2,2.477495956E-1
2.821716292E0,-1.061428429E-1,-9.664745808E-2,1.649850368E-2,1.444964874E-1
2.831696292E0,1.714562600E-1,-1.795475274E-1,7.123896718E-2,2.582819277E-1
2.841705292E0,1.046399989E-1,1.400875926E-2,2.102986193E-1,2.353110366E-1
2.851685292E0,-1.505424690E-1,1.946924007E-1,3.720138931E-1,4.460521298E-1
2.861694292E0,-3.309787184E-2,1.681074500E-2,2.085585062E-1,2.118365426E-1
2.871704292E0,1.084998007E-1,-1.196042114E-1,-5.155371269E-2,1.695144815E-1
2.881683292E0,5.500340547E-2,-1.914501196E-1,-5.541055441E-2,2.067579562E-1
2.891693292E0,-5.153211454E-2,-2.965842265E-1,1.373592635E-1,3.308856744E-1
2.901672292E0,1.184563665E-2,-1.719490707E-1,-2.236793693E-1,2.823814128E-1
2.911682292E0,9.316854749E-2,-2.808505386E-1,6.196762204E-2,3.023200117E-1
2.921692292E0,1.069042601E-1,-1.863431615E-1,-7.848132849E-3,2.149741562E-1
2.931671292E0,-5.232671460E-2,-1.434093958E-1,-1.170940018E-1,1.923937242E-1
2.941681292E0,-6.757276297E-2,-1.757275414E-1,-9.315197429E-2,2.100560340E-1
2.951660292E0,-2.821356470E-2,-2.801933116E-1,9.807419697E-2,2.981993380E-1
2.961670292E0,-1.214928621E-1,-1.088225305E-1,4.686894178E-2,1.697043205E-1
2.971649292E0,-1.902062707E-3,-6.797212780E-2,-2.717224685E-1,2.801016385E-1
2.981659292E0,6.412751041E-3,-1.172355044E-1,2.334886765E-1,2.613469895E-1
2.991669292E0,-4.146388527E-2,-1.595213985E-1,4.252270639E-1,4.560530520E-1
3.001648292E0,-2.295141779E-2,9.808411896E-2,-2.489112926E-1,2.685220541E-1
3.011658292E0,3.529987844E-2,5.897092402E-2,-1.129611897E-1,1.322266300E-1
3.021637292E0,1.178378772E-1,-2.148173475E-1,1.336731970E-1,2.791071151E-1
3.031647292E0,-6.987956263E-2,-3.800982535E-2,3.697089207E-1,3.781700493E-1
3.041626292E0,-1.985147987E-3,7.408129871E-2,1.030689069E-1,1.269455757E-1
3.051636292E0,5.522474086E-2,-1.143130660E-3,-5.414987644E-2,7.735171536E-2
3.061645292E0,-1.330293820E-1,1.133190393E-3,2.215147666E-1,2.583929032E-1
3.071625292E0,1.363877852E-1,-2.134759963E-1,4.986624280E-2,2.581865045E-1
3.081634292E0,1.253025606E-1,-1.422914082E-1,7.978761474E-2,2.057027953E-1
3.091614292E0,-8.277866654E-2,-3.468392909E-2,1.043693093E-1,1.376525892E-1
3.101623292E0,-8.244919421E-2,-2.660600066E-2,-2.839454516E-1,2.968682677E-1
3.111603292E0,6.258561792E-2,-2.560431415E-1,-1.071069209E-1,2.845117614E-1
3.121613292E0,8.440068416E-2,-2.958118093E-1,9.912550807E-2,3.231933916E-1
3.131622292E0,-1.714613215E-1,-1.700849783E-1,6.919479886E-2,2.512285908E-1
3.141602292E0,-1.954945839E-1,-1.608340985E-1,-6.719148796E-2,2.619168486E-1
3.151611292E0,2.095700562E-2,-3.191632497E-1,9.881094614E-2,3.347655585E-1
3.161591292E0,5.520999491E-2,-2.284045225E-1,3.187200308E-2,2.371341267E-1
3.171600292E0,-7.378256081E-2,-1.073320752E-1,-1.781904070E-1,2.207167003E-1
3.181580292E0,-7.684134895E-2,-1.720642608E-1,2.104611719E-1,2.824970931E-1
3.191589292E0,1.009541699E-1,-2.496036029E-1,2.310504059E-1,3.547928876E-1
3.201599292E0,1.238486322E-1,-9.073709249E-2,-1.869331455E-1,2.419001954E-1
3.211578292E0,-3.737755861E-2,1.346976292E-1,1.258157086E-1,1.880694705E-1
3.221588292E0,-1.504229117E-2,8.177331090E-3,3.397279072E-1,3.401590660E-1
3.231567292E0,1.101137602E-1,-1.995830119E-2,1.632998876E-1,1.979652173E-1
3.241577292E0,2.110280229E-2,6.910122514E-2,-2.927864417E-1,3.015695741E-1
3.251556292E0,-2.577443523E-2,-2.390341759E-2,5.539303103E-2,6.560550870E-2
3.261566292E0,-4.042245962E-2,-2.228169233E-1,4.360186851E-1,4.913182780E-1
3.271576292E0,1.137093227E-1,-2.597514457E-1,6.822882056E-2,2.916432676E-1
3.281555292E0,2.069837596E-2,-1.729594696E-1,-1.832564346E-1,2.528365513E-1
3.291565292E0,-3.491876788E-2,-1.252181232E-1,-1.545816708E-1,2.019762156E-1
3.301544292E0,-3.351481486E-2,-4.014756739E-2,8.127631584E-2,9.664838074E-2
3.311554292E0,5.439480169E-2,7.504316568E-3,7.287152806E-2,9.124345905E-2
3.321533292E0,8.713749172E-2,-8.149849176E-3,-1.425679632E-1,1.672871383E-1
3.331543292E0,-5.878958724E-2,-4.303492248E-2,7.814803720E-2,1.068425750E-1
3.341553292E0,-2.174996663E-1,8.065064549E-3,2.232139492E-1,3.117621164E-1
3.351532292E0,-7.483692342E-2,-2.448772985E-1,2.357118062E-1,3.480309067E-1
3.361542292E0,2.329918094E-2,-1.988152725E-1,-3.179717699E-2,2.026855319E-1
3.371521292E0,-1.451500023E-2,-1.123560029E-1,-6.792593479E-2,1.320927297E-1
3.381531292E0,5.475064130E-2,-1.910840839E-1,1.621854083E-1,2.565440830E-1
3.391510292E0,5.371290671E-2,-1.709988981E-1,1.553512009E-1,2.371912628E-1
3.401520292E0,-3.819929341E-2,-3.896759927E-2,2.890629530E-2,6.175138636E-2
3.411529292E0,-5.271445809E-2,3.393607020E-2,1.025847391E-1,1.202252039E-1
3.421509292E0,-3.967704926E-2,-1.392824310E-1,3.651048231E-1,3.927790673E-1
3.431519292E0,1.009991935E-1,-2.508923292E-2,-3.099610845E-2,1.085866725E-1
3.441498292E0,-1.337305728E-2,-1.537934661E-2,1.270541489E-1,1.286783576E-1
3.451508292E0,-1.748098210E-2,-5.011648536E-2,2.736450148E-1,2.787451182E-1
3.461487292E0,6.866542485E-2,-6.401531696E-2,-2.019733719E-1,2.227243685E-1
3.471497292E0,-5.388154406E-3,-1.818156624E-1,-3.513217664E-1,3.956171771E-1
3.481506292E0,-4.451074144E-2,-2.537995648E-1,1.118619132E-1,2.809065910E-1
3.491486292E0,-1.213533877E-1,-1.124869806E-1,2.969917591E-1,3.399765735E-1
3.501495292E0,3.933043728E-2,5.166599751E-3,-3.325896263E-1,3.349469161E-1
3.511475292E0,3.424641117E-3,1.190317690E-2,8.108955212E-3,1.480435550E-2
3.521484292E0,-7.561235558E-2,-1.128939468E-1,4.409444161E-1,4.614046485E-1
3.531464292E0,-2.738241954E-2,-2.606168336E-1,1.579461769E-1,3.059704653E-1
3.541473292E0,-4.418101329E-2,-1.160701543E-1,-1.721057578E-1,2.122372129E-1
3.551483292E0,6.426491998E-3,-1.038716930E-1,-1.689960441E-2,1.054335100E-1
3.561462292E0,3.549406081E-3,-6.733478129E-2,1.775144323E-1,1.898892960E-1
3.571472292E0,-3.134856764E-3,-1.123735446E-1,7.744872848E-2,1.365135392E-1
3.581451292E0,-1.046658911E-2,-1.735178787E-1,-3.895882845E-2,1.781454294E-1
3.591461292E0,9.617407115E-2,-9.571073413E-2,-1.441549341E-1,1.979662638E-1
3.601440292E0,4.955032870E-2,-1.063199222E-2,8.368768930E-2,9.783610619E-2
3.611450292E0,-2.467824675E-2,2.638380647E-2,2.925128102E-1,2.947352460E-1
3.621460292E0,-3.712031767E-2,-1.811344618E-1,1.420335277E-1,2.331547431E-1
3.631439292E0,-1.693476079E-2,-2.194717312E-1,1.051703413E-1,2.439578398E-1
3.641449292E0,-5.213121660E-3,-1.287451637E-1,4.646897396E-2,1.369739368E-1
3.651428292E0,-4.611867093E-2,-5.811138332E-2,-9.302920103E-3,7.476903772E-2
3.661438292E0,-5.936930213E-2,-1.352174467E-1,5.633675337E-2,1.580579062E-1
3.671448292E0,-3.519727807E-2,-1.635138774E-1,1.010422254E-1,1.954102551E-1
3.681427292E0,2.262282254E-2,-7.070862472E-2,-2.331506892E-1,2.446849926E-1
3.691437292E0,2.877378277E-2,6.372237146E-2,-2.031100523E-1,2.148072731E-1
3.701416292E0,-1.045709652E-1,-1.067280579E-1,4.461542487E-1,4.705099135E-1
3.711439042E0,-1.505581286E-2,-2.570108557E-1,1.557955527E-1,3.009211054E-1
3.721418042E0,4.131286265E-2,-1.096025491E-1,-3.043967096E-1,3.261546078E-1
3.731428042E0,-3.694272676E-2,-3.612000525E-2,3.487979254E-2,6.233794805E-2
3.741438042E0,-9.643235363E-2,-1.546763957E-1,3.908582997E-1,4.312704449E-1
3.751417042E0,-2.056359764E-2,-2.428629327E-1,1.190586845E-1,2.712567713E-1
3.761427042E0,5.945976952E-2,-6.928716660E-2,-2.276823731E-1,2.453068256E-1
3.771406042E0,6.829118477E-2,1.419937849E-2,-2.223520696E-1,2.330359439E-1
3.781416042E0,-8.881363263E-2,-5.297460437E-2,2.434429947E-1,2.644969976E-1
3.791395042E0,-2.246810887E-2,-4.500894248E-2,3.462990081E-1,3.499337421E-1
3.801405042E0,8.371763801E-2,-8.610551298E-2,-2.523927248E-1,2.795083000E-1
3.811414042E0,2.030409090E-2,-1.238621539E-1,-1.160473502E-1,1.709417350E-1
3.821394042E0,-5.564811582E-2,-9.864252806E-2,3.617882824E-1,3.791013353E-1
3.831403042E0,1.219603105E-2,-1.243924963E-1,-4.019609928E-2,1.312934222E-1
3.841383042E0,2.926244555E-2,-4.676836967E-2,-2.267456675E-1,2.333605983E-1
3.851392042E0,-3.684423773E-2,-1.503611505E-2,1.846351898E-1,1.888749213E-1
3.861372042E0,2.252228698E-2,-1.087576264E-1,-2.088730681E-1,2.365659174E-1
3.871381042E0,-5.088258024E-2,-1.472276276E-1,-2.870257831E-1,3.265712961E-1
3.881391042E0,-7.460685376E-2,-7.460462451E-2,4.582392740E-1,4.702289494E-1
3.891370042E0,-2.355295010E-2,-1.729840279E-2,3.377116045E-2,4.465946121E-2
3.901380042E0,-1.068458062E-2,-1.042716426E-1,-3.497804403E-1,3.651480414E-1
3.911359042E0,-6.152652271E-2,-1.096183366E-1,3.501382899E-1,3.720195086E-1
3.921369042E0,-1.867107321E-2,-1.219261408E-2,3.661655080E-1,3.668439015E-1
3.931348042E0,3.505701799E-2,-4.187249601E-2,-2.560834690E-1,2.618416383E-1
3.941358042E0,3.337462787E-3,-1.948865283E-1,-1.905291649E-1,2.725679002E-1
3.951368042E0,-3.134915236E-2,-9.510262370E-2,5.870604515E-2,1.160761738E-1
3.961347042E0,-6.032364082E-2,5.090001225E-3,3.890316296E-1,3.937136759E-1
3.971357042E0,5.258823132E-2,-9.566512585E-2,1.478596934E-1,1.837928924E-1
3.981336042E0,2.527912125E-2,-1.126968956E-1,-2.110108101E-1,2.405518369E-1
3.991346042E0,-1.100372896E-2,-7.641024470E-2,2.791203475E-1,2.895993369E-1
4.001325042E0,-1.631639946E-2,-8.501793087E-2,2.621096277E-1,2.760357412E-1
4.011335042E0,2.142759684E-2,-1.345075947E-1,-3.407628644E-1,3.669751554E-1
4.021345042E0,-2.773900833E-3,-1.004200816E-1,-1.726425505E-1,1.997431790E-1
4.031324042E0,-2.873230409E-2,-3.795953929E-2,1.791540281E-1,1.853716205E-1
4.041334042E0,1.312219346E-2,-5.411130309E-2,-3.559773195E-1,3.603055329E-1
4.051313042E0,-8.479599249E-2,-1.660539079E-1,8.424438078E-2,2.046005287E-1
4.061323042E0,9.464734487E-2,-3.393788284E-1,2.536148111E-1,4.341158618E-1
4.071302042E0,-1.792557148E-1,1.716689891E-1,-2.258896351E-1,3.356024141E-1
4.081312042E0,1.022104260E-1,-2.771895969E-1,1.120909413E-2,2.956462203E-1
4.091322042E0,-1.837777321E-1,-2.551140189E-3,2.113218820E-1,2.800673151E-1
4.101301042E0,5.174352793E-2,-9.108383238E-2,-2.764294589E-1,2.956127584E-1
4.111311042E0,-3.680027397E-2,-8.461856604E-2,-1.463990954E-1,1.730527579E-1
4.121290042E0,-6.966986686E-2,-1.957267731E-1,2.395639336E-1,3.171020945E-1
4.131300042E0,1.015204545E-3,-1.140154427E-1,1.745043039E-2,1.153476022E-1
4.141279042E0,1.103274211E-1,-2.103266859E-1,3.164934111E-1,3.956987919E-1
4.151289042E0,9.745532401E-2,-1.900625753E-1,1.278516909E-1,2.489324759E-1
4.161298042E0,-3.338392859E-2,-9.962836862E-2,1.430928787E-2,1.060427001E-1
4.171278042E0,-4.680489650E-2,-3.267657995E-2,4.554559994E-1,4.590191985E-1
4.181287042E0,5.473293521E-2,-4.050600171E-2,-4.266713262E-2,8.035492876E-2
4.191267042E0,2.326139331E-2,-1.173734987E-1,-3.211618280E-1,3.427280998E-1
4.201276042E0,2.686386287E-2,-1.884072286E-1,1.217472160E-1,2.259232956E-1
4.211256042E0,1.872713339E-2,-1.380808282E-1,1.150954235E-1,1.807317823E-1
4.221265042E0,2.632058345E-2,-6.886207402E-2,-4.852814770E-1,4.908491319E-1
4.231275042E0,-9.806785639E-3,-2.539211869E-1,1.239282274E-1,2.827195567E-1
4.241254042E0,-1.870637577E-2,-7.755162120E-2,2.355632687E-1,2.487051185E-1
4.251264042E0,-6.103175690E-2,1.079524648E-1,-1.531584402E-1,1.970688149E-1
4.261243042E0,-4.928126542E-2,-3.090838194E-3,1.221577088E-1,1.317600175E-1
4.271253042E0,-2.238705184E-2,-1.981942981E-1,2.586854982E-1,3.266501904E-1
4.281263042E0,-1.054755477E-2,-3.159835339E-3,-1.877564152E-1,1.880789912E-1
4.291242042E0,-5.951712705E-2,-5.178177238E-2,4.856679048E-3,7.903940596E-2
4.301252042E0,3.508592516E-2,-2.335787237E-1,7.957592726E-2,2.492435967E-1
4.311231042E0,9.169128500E-3,-1.288211775E-1,-2.690362394E-1,2.984283277E-1
4.321241042E0,-2.656625787E-2,-7.203945100E-2,2.463911792E-1,2.580776273E-1
4.331220042E0,-2.250562241E-2,-8.270243347E-2,2.688900773E-1,2.822198951E-1
4.341230042E0,3.981520800E-2,-1.132634908E-1,3.407059271E-2,1.247985353E-1
4.351240042E0,-3.935011681E-3,-6.396561563E-2,3.205899704E-1,3.269327353E-1
4.361219042E0,3.784113318E-2,5.631804228E-2,-4.784425735E-2,8.302256445E-2
4.371229042E0,2.802541226E-2,-4.133630633E-2,-3.534969306E-1,3.570072743E-1
4.381208042E0,-2.428622749E-2,-2.454474020E-1,2.588971674E-1,3.575779514E-1
4.391218042E0,-4.974317718E-3,-1.815917140E-1,2.774854660E-2,1.837669075E-1
4.401197042E0,-2.795053136E-2,1.262998581E-3,-6.818251061E-1,6.823989323E-1
4.411207042E0,8.522812000E-2,-2.495293432E-1,2.239448512E-1,3.459480047E-1
4.421217042E0,-5.541928869E-2,-1.488958383E-1,4.528995967E-1,4.799576157E-1
4.431196042E0,-6.205350302E-2,-4.912830591E-3,-2.141484443E-1,2.230119489E-1
4.441206042E0,3.462616956E-2,-6.492222011E-2,-5.378382247E-2,9.114036341E-2
4.451185042E0,-3.624414895E-3,-1.398332387E-1,-4.653195944E-3,1.399575767E-1
4.461195042E0,-3.076448562E-2,-1.534274304E-1,9.403510485E-3,1.567636947E-1
4.471174042E0,-7.887884779E-2,-1.429264158E-1,2.423928348E-1,2.922398319E-1
4.481184042E0,1.962075239E-2,-1.185335863E-1,-1.880207094E-1,2.231299445E-1
4.491193042E0,-4.669622965E-3,-1.352613008E-1,-2.983436537E-1,3.276070215E-1
4.501173042E0,8.980301807E-2,-1.679174155E-1,3.786855662E-1,4.238674304E-1
4.511182042E0,-3.114616262E-2,-3.909857690E-2,8.999566555E-2,1.029465977E-1
4.521162042E0,-2.385601860E-2,5.891362131E-2,-1.721022677E-1,1.834642062E-1
4.531171042E0,6.877188072E-2,-4.252095222E-2,3.876049089E-1,3.959484416E-1
4.541151042E0,-5.294383340E-2,-8.896246254E-2,-1.479813337E-1,1.805985724E-1
4.551160042E0,-1.056851339E-2,-2.132128716E-1,-2.611541927E-1,3.373024376E-1
4.561170042E0,7.634382399E-2,-2.193214577E-1,3.036611299E-1,3.822830929E-1
4.571149042E0,-1.015816675E-2,-3.422550738E-2,-2.342780507E-1,2.369826549E-1
4.581159042E0,-8.619603518E-2,5.472701490E-2,-6.704277134E-1,6.781578883E-1
4.591138042E0,3.410688199E-2,-3.251122069E-1,5.215716362E-1,6.155470723E-1
4.601148042E0,-4.940656029E-2,-1.185721779E-1,4.228191805E-1,4.419009266E-1
4.611127042E0,-2.060701322E-2,-3.007924676E-2,-2.017675316E-1,2.050354772E-1
4.621137042E0,1.603414340E-2,-1.039085305E-1,5.481198225E-3,1.052811474E-1
4.631147042E0,-4.644898379E-2,-1.108456671E-1,-7.747542467E-3,1.204337761E-1
4.641126042E0,4.407929001E-2,-2.022236145E-1,5.734015385E-2,2.147679382E-1
4.651136042E0,-8.090006579E-2,-1.467206740E-1,2.574213302E-1,3.071441324E-1
4.661115042E0,-3.495330300E-2,-9.003016412E-2,-2.646028805E-1,2.816768507E-1
4.671125042E0,6.053306250E-2,-1.079109496E-1,-4.907626569E-1,5.061195611E-1
4.681104042E0,6.108774399E-2,-3.696902096E-2,5.958195806E-1,6.000828222E-1
4.691114042E0,-7.635292372E-2,1.791586876E-2,3.298753488E-1,3.390700415E-1
4.701124042E0,1.015730795E-2,-1.297497153E-1,-3.478321481E-1,3.713830405E-1
4.711146542E0,-5.407786433E-2,-2.919719428E-1,4.044507372E-1,5.017493693E-1
4.721156542E0,1.731689461E-2,-7.773288488E-2,1.690418351E-1,1.868620299E-1
4.731135542E0,-5.779998254E-2,1.236218333E-2,-3.150047100E-1,3.205021511E-1
4.741145542E0,2.139963984E-2,-2.177462178E-1,5.589819392E-2,2.258228688E-1
4.751124542E0,5.014279783E-2,-1.755801916E-1,8.726969361E-2,2.023825667E-1
4.761134542E0,5.054258293E-2,-4.391258955E-3,-5.374152517E-1,5.398045838E-1
4.771144542E0,-8.167721556E-2,-5.299390018E-2,8.108452717E-2,1.267052546E-1
4.781123542E0,4.369112626E-2,-1.573380482E-1,4.666534173E-1,4.943982078E-1
4.791133542E0,-1.016019501E-2,1.032665062E-1,-3.717753267E-1,3.859845780E-1
4.801112542E0,6.368878651E-2,-6.283885717E-2,-7.139565429E-2,1.144653788E-1
4.811122542E0,-4.526484953E-2,-9.954767704E-2,4.033327496E-1,4.178946680E-1
4.821131542E0,-1.322631592E-1,-1.097364503E-1,8.087987462E-2,1.899399535E-1
4.831111542E0,-1.710401941E-3,-1.525246203E-1,-6.830015659E-2,1.671274863E-1
4.841120542E0,4.920472171E-2,-2.522880596E-1,-1.036301847E-1,2.771454218E-1
4.851100542E0,-3.084753435E-3,-1.824027228E-1,-2.579452225E-1,3.159367133E-1
4.861109542E0,-6.277943484E-2,-5.102455795E-2,-3.249765515E-2,8.718291429E-2
4.871089542E0,4.858944844E-2,6.076718867E-2,5.703806841E-1,5.756628445E-1
4.881098542E0,7.015715919E-2,-9.390628338E-4,-9.673750520E-2,1.195033629E-1
4.891108542E0,7.721869536E-3,-1.680998486E-1,-2.435879692E-1,2.960612860E-1
4.901087542E0,-1.016562561E-1,-1.475515634E-1,5.186772645E-1,5.487545562E-1
4.911097542E0,1.271038502E-2,-1.257338476E-1,1.135646407E-1,1.699043317E-1
4.921076542E0,7.811931275E-2,-2.895330691E-1,-4.206089330E-1,5.165693561E-1
4.931086542E0,3.261339348E-3,-2.268193424E-1,2.839528520E-2,2.286130850E-1
4.941065542E0,-1.373039890E-1,3.962716520E-2,2.162534420E-1,2.592069613E-1
4.951075542E0,-8.742808007E-2,7.952914953E-2,-2.070288380E-1,2.383893760E-1
4.961085542E0,1.302112251E-1,-1.542951572E-1,-8.618326267E-2,2.195211002E-1
4.971064542E0,-2.922699681E-2,-9.982892811E-2,6.153496463E-2,1.208577019E-1
4.981074542E0,-3.436125414E-2,-1.490221381E-2,-1.733710953E-1,1.773705399E-1
4.991053542E0,-1.972629463E-2,-6.199101090E-2,3.349191570E-1,3.411786246E-1
5.001063542E0,-2.168348562E-2,-2.700653493E-2,3.123418880E-1,3.142562353E-1
5.011042542E0,-1.699714327E-2,-5.698988736E-2,-2.869976982E-1,2.930945733E-1
5.021052542E0,-4.043981854E-2,-2.942903638E-2,2.657325625E-2,5.663554585E-2
5.031062542E0,-3.639038416E-2,-4.908445179E-2,1.919816315E-1,2.014708175E-1
5.041041542E0,-3.524146110E-2,-7.558052480E-2,-3.648426851E-2,9.102460194E-2
5.051051542E0,-1.334858303E-1,-1.580747974E-1,-1.640097213E-1,2.640176076E-1
5.061030542E0,8.100747183E-2,-2.630352420E-1,1.662784227E-1,3.215560027E-1
5.071040542E0,9.445193823E-2,-2.239056748E-1,-1.097393922E-1,2.666414335E-1
5.081019542E0,2.100981329E-2,-2.368853241E-1,-2.412689817E-1,3.387724761E-1
5.091029542E0,-3.336289689E-2,-2.425781733E-1,4.753189909E-1,5.346825191E-1
5.101039542E0,-3.474108562E-2,-4.305831134E-2,8.691537062E-2,1.030303007E-1
5.111018542E0,6.423102440E-2,-1.900514656E-1,-3.882340693E-1,4.370021472E-1
5.121028542E0,-5.822591566E-2,-1.280610394E-1,-5.433698734E-2,1.508058198E-1
5.131007542E0,-8.933301156E-2,-8.424142063E-2,1.876512019E-1,2.242542697E-1
5.141017542E0,4.580982830E-2,-2.009582770E-1,2.225450277E-3,2.061255008E-1
5.150996542E0,8.096844167E-2,-2.807482123E-1,-3.327486706E-1,4.428285504E-1
5.161006542E0,7.002868490E-2,-2.458853585E-1,-6.495083492E-2,2.637844521E-1
5.171015542E0,-9.343035657E-2,-5.685832500E-3,1.559475986E-1,1.818824173E-1
5.180995542E0,1.120480008E-1,-2.199020863E-1,1.143446410E-1,2.720043730E-1
5.191004542E0,1.094812559E-1,-3.397062725E-1,4.440143505E-2,3.596637101E-1
5.200984542E0,-4.995080816E-2,-1.472369832E-1,-2.918906665E-1,3.307173622E-1
5.210993542E0,-5.619046334E-3,-9.018920839E-2,-1.281159850E-1,1.567780999E-1
5.220973542E0,-5.910663424E-2,-4.181110024E-2,2.177982763E-1,2.295165604E-1
5.230982542E0,-7.385124732E-3,-8.092546463E-2,6.267400224E-2,1.026231039E-1
5.240992542E0,6.276562080E-2,-2.056237704E-1,-1.693575664E-1,2.736834730E-1
5.250971542E0,-3.838106873E-2,-1.176266831E-1,-2.961053213E-1,3.209166625E-1
5.260981542E0,-1.725367159E-3,-1.346128446E-1,6.294527650E-2,1.486125925E-1
5.270960542E0,9.762547798E-3,-1.186803514E-1,3.369586658E-1,3.573814148E-1
5.280970542E0,-1.520212847E-1,-4.551472664E-3,4.779280186E-2,1.594218893E-1
5.290980542E0,-1.364477009E-2,1.325212955E-2,-1.996825973E-2,2.757770993E-2
5.300959542E0,9.827276476E-2,-3.204449594E-2,2.926087046E-1,3.103292445E-1
5.310969542E0,-1.358451087E-1,1.649400133E-1,-2.013081232E-2,2.146260729E-1
5.320948542E0,-2.104906272E-3,-8.594296038E-2,-4.172554817E-3,8.606993252E-2
5.330958542E0,4.847829653E-2,-3.110116464E-1,-1.843509968E-1,3.647789460E-1
5.340937542E0,7.789794082E-2,-2.276087165E-1,-7.448417187E-2,2.518366710E-1
5.350947542E0,3.939908724E-3,-1.639179200E-1,-9.068212867E-2,1.873709045E-1
5.360957542E0,-7.668126315E-2,-1.761023480E-1,-2.696338248E-1,3.310505287E-1
5.370936542E0,-9.986459613E-2,-1.406079948E-1,2.322794724E-1,2.893048548E-1
5.380946542E0,1.739623401E-2,1.340070730E-1,1.186610556E-1,1.798359549E-1
5.390925542E0,9.389144607E-2,8.993953228E-2,-3.676378369E-2,1.351158721E-1
5.400935542E0,-8.488070402E-2,3.217079580E-2,3.114975500E-1,3.244540301E-1
5.410914542E0,1.681271844E-2,-2.070849895E-1,-4.674731970E-2,2.129604947E-1
5.420924542E0,1.213906272E-1,-2.364257330E-1,-3.558964452E-2,2.681406988E-1
5.430934542E0,-6.699180555E-2,-1.788312435E-2,2.239378528E-1,2.344266837E-1
5.440913542E0,-2.153803613E-2,-2.724556911E-1,-1.613492382E-1,3.173792168E-1
5.450923542E0,-1.558209881E-1,-1.324593151E-1,-1.502886450E-1,2.537958378E-1
5.460902542E0,-1.004981419E-1,3.162992835E-2,7.894444624E-2,1.316531598E-1
5.470912542E0,-9.891003817E-3,-1.023239350E-1,2.689508700E-1,2.879280989E-1
5.480891542E0,4.160663042E-2,-1.648914814E-3,5.365475249E-1,5.381608283E-1
5.490901542E0,2.797077734E-2,-2.726030409E-2,-3.657550335E-2,5.350940113E-2
5.500910542E0,-7.949845165E-2,-8.005598366E-2,2.068300509E-1,2.356005821E-1
5.510890542E0,9.399285872E-2,-1.901602238E-1,7.365550447E-1,7.664912929E-1
5.520899542E0,9.944878601E-2,-1.771870065E-1,4.233068383E-1,4.695465639E-1
5.530879542E0,-1.464257916E-1,-3.821857095E-2,3.303863955E-1,3.633955722E-1
5.540888542E0,3.310896328E-2,-1.870278704E-1,4.422494781E-1,4.813109480E-1
5.550868542E0,4.442551827E-2,-2.247184378E-1,3.349133098E-1,4.057572280E-1
5.560877542E0,8.392298492E-2,-1.208701336E-1,3.935608828E-1,4.201699955E-1
5.570887542E0,4.689558316E-3,-1.108211088E-1,8.233440971E-1,8.307820487E-1
5.580867542E0,-2.083114430E-2,-1.509306693E-1,6.124701118E-1,6.311367850E-1
5.590876542E0,1.285592588E-2,-1.645441568E-1,4.541076314E-1,4.831705654E-1
5.600856542E0,-8.116947625E-2,-5.218464553E-2,6.452718222E-1,6.524472742E-1
5.610865542E0,6.027691791E-2,-1.638670492E-1,4.049103649E-1,4.409513809E-1
5.620845542E0,-4.895656222E-2,-1.603540421E-2,3.902490564E-1,3.936346087E-1
5.630854542E0,-1.242790238E-1,1.072402740E-1,5.632166755E-1,5.866504715E-1
5.640864542E0,7.733392205E-2,-5.626307845E-2,5.987128194E-1,6.063028201E-1
5.650843542E0,-2.745971242E-2,1.649031758E-2,5.849706566E-1,5.858469386E-1
5.660853542E0,-1.010660162E-2,-1.157415408E-1,5.364878833E-1,5.489239443E-1
5.670832542E0,-4.166906772E-2,-7.405557096E-2,4.722024250E-1,4.797871080E-1
5.680842542E0,4.564906642E-2,-1.500383842E-1,3.370264935E-1,3.717286798E-1
5.690852542E0,-1.530070156E-2,-7.526945293E-2,2.899014437E-1,2.999040665E-1
5.700831542E0,-2.644671885E-2,-1.692400557E-1,4.984494066E-1,5.270611315E-1
5.710872708E0,2.821721921E-2,-8.973312557E-2,2.511320651E-1,2.681707653E-1
5.720851708E0,5.862222897E-2,-1.420060641E-1,4.937576008E-1,5.171062331E-1
5.730861708E0,-7.473300744E-2,-1.057088882E-1,5.252074349E-1,5.409272050E-1
5.740840708E0,-6.568743791E-3,-1.875166976E-1,5.494862437E-1,5.806382629E-1
5.750850708E0,3.158446625E-2,-1.174091667E-1,5.142906833E-1,5.284670262E-1
5.760860708E0,-4.382943118E-2,-8.637039185E-2,3.378474426E-1,3.514566234E-1
5.770839708E0,9.499240369E-3,-1.551950437E-1,4.605430770E-1,4.860819508E-1
5.780849708E0,5.219681505E-3,-1.274616998E-1,2.926870573E-1,3.192795695E-1
5.790828708E0,-2.071080130E-2,-1.118689299E-1,5.725592653E-2,1.273649712E-1
5.800838708E0,-1.208610339E-2,-1.342438853E-1,1.355244346E-1,1.911396532E-1
5.810817708E0,-3.017652981E-2,-7.929116786E-2,1.050978541E-2,8.548782276E-2
5.820827708E0,-9.047707412E-2,3.571888626E-2,-4.094687263E-2,1.055395005E-1
5.830836708E0,1.432871525E-1,-2.200400805E-1,-1.249549985E-1,2.907964868E-1
5.840816708E0,-1.021377012E-2,-1.025256640E-1,-1.465347326E-1,1.791319646E-1
5.850825708E0,-3.872941660E-2,-9.259650707E-2,-1.658363914E-1,1.938447563E-1
5.860805708E0,3.730318934E-2,-1.708556414E-1,-1.603704143E-1,2.372801043E-1
5.870814708E0,6.592757575E-2,-2.445065850E-1,-2.350253248E-1,3.454950342E-1
5.880794708E0,-1.569058659E-1,4.230343580E-2,-1.755427694E-1,2.392160014E-1
5.890804708E0,5.177749660E-2,-1.645733929E-1,-2.264462900E-1,2.846809320E-1
5.900813708E0,-8.298785068E-2,6.157878220E-2,-1.362436330E-1,1.710007524E-1
5.910793708E0,5.736270217E-2,-1.507915056E-1,-1.104001093E-1,1.954910276E-1
5.920802708E0,-3.503039489E-2,-5.785469055E-2,-9.717020829E-2,1.183906380E-1
5.930782708E0,3.162835691E-2,-1.462026107E-1,-8.136049747E-2,1.702794377E-1
5.940791708E0,-5.895455182E-3,-1.315266842E-1,9.541486502E-3,1.320040340E-1
5.950771708E0,1.151371580E-3,-1.958852327E-1,-7.693883300E-2,2.104564897E-1
5.960780708E0,-2.125923358E-2,-1.058305103E-1,-5.288222750E-2,1.202022541E-1
5.970790708E0,1.241782324E-2,-1.019333410E-1,-6.229506612E-2,1.201053022E-1
5.980769708E0,-3.046192875E-2,-7.398131132E-2,-6.027308981E-2,1.001699001E-1
5.990779708E0,-6.236695033E-3,-8.280359030E-2,-8.519511064E-2,1.189686421E-1
6.000758708E0,-2.223767376E-2,-1.010907573E-1,-8.526759784E-2,1.341059975E-1
6.010768708E0,-1.732935648E-2,-1.266846049E-1,-1.233610566E-1,1.776717367E-1
6.020778708E0,-4.973111730E-3,-1.256402922E-1,-1.539104104E-1,1.987426207E-1
6.030757708E0,-2.879026461E-2,-1.510926372E-1,-2.108657992E-1,2.610023939E-1
6.040767708E0,-2.647681374E-2,-1.033536297E-1,-2.285618126E-1,2.522369851E-1
6.050746708E0,9.374146499E-3,-9.407117486E-2,-2.021394145E-1,2.231537664E-1
6.060756708E0,5.411506724E-3,-5.816166937E-2,-1.985574102E-1,2.069712766E-1
6.070735708E0,-2.119822154E-2,-6.221203566E-2,-1.548412871E-1,1.682127408E-1
6.080745708E0,8.943334613E-3,-8.213642299E-2,-1.393882565E-1,1.620353704E-1
6.090755708E0,-2.253798310E-2,-1.201754844E-1,-1.073408461E-1,1.627026889E-1
6.100734708E0,-4.766577110E-3,-1.207958740E-1,-9.806832234E-2,1.556655366E-1
6.110744708E0,-1.171533510E-2,-1.160415030E-1,-1.025239007E-1,1.552869270E-1
6.120723708E0,2.669692487E-3,-1.551470965E-1,-8.421509902E-2,1.765500827E-1
6.130733708E0,-3.066572249E-3,-1.219337422E-1,-4.902888497E-2,1.314574947E-1
6.140712708E0,-2.060997337E-3,-8.662825406E-2,-2.323800445E-2,8.971458611E-2
6.150722708E0,-5.392594635E-3,-7.228503406E-2,-4.051769614E-2,8.304149521E-2
6.160731708E0,-4.695314169E-3,-1.086740112E-1,-5.812015414E-2,1.233289869E-1
6.170711708E0,-6.128156092E-3,-9.177965105E-2,-5.610871196E-2,1.077462120E-1
6.180721708E0,-4.850630835E-3,-1.176910025E-1,-9.759589473E-2,1.529694720E-1
6.190700708E0,-9.254863299E-3,-1.205543840E-1,-1.132781271E-1,1.656832704E-1
6.200710708E0,-9.032431561E-3,-1.287983733E-1,-1.600032091E-1,2.056006632E-1
6.210689708E0,-2.062577913E-2,-8.823916197E-2,-1.256812044E-1,1.549430141E-1
6.220699708E0,-1.564722218E-2,-6.698570251E-2,-1.776921876E-1,1.905424715E-1
6.230708708E0,2.266338760E-2,-9.587913394E-2,-1.683775914E-1,1.950831893E-1
6.240688708E0,-1.022171868E-2,-8.076875925E-2,-1.501623360E-1,1.708121868E-1
6.250697708E0,8.341710940E-3,-9.289997756E-2,-1.370937999E-1,1.658152585E-1
6.260677708E0,4.384918381E-3,-9.036813319E-2,-1.314804912E-1,1.596018376E-1
6.270686708E0,-7.432194818E-3,-1.294520921E-1,-1.096902482E-1,1.698382531E-1
6.280666708E0,-1.542851804E-2,-1.148059863E-1,-1.127191059E-1,1.616293615E-1
6.290675708E0,-2.538181297E-2,-9.970672131E-2,-5.882065058E-2,1.185138626E-1
6.300685708E0,-1.247465087E-2,-1.212882096E-1,-7.939465444E-2,1.454989960E-1
6.310664708E0,1.867759651E-2,-1.129179204E-1,-2.032374303E-2,1.162426939E-1
6.320674708E0,-2.175111232E-2,-7.776212096E-2,1.959986687E-3,8.077066232E-2
6.330653708E0,-6.680608336E-3,-9.888577223E-2,-3.084756176E-2,1.038007637E-1
6.340663708E0,-2.867913097E-2,-1.024970126E-1,-2.940332690E-2,1.104204953E-1
6.350673708E0,-8.931201641E-3,-1.218255687E-1,-5.149525881E-2,1.325631820E-1
6.360652708E0,-1.157423448E-2,-7.993436158E-2,-4.359216213E-2,9.178094390E-2
6.370662708E0,-1.807774527E-2,-9.132590711E-2,-1.243726067E-1,1.553569164E-1
6.380641708E0,-9.140952229E-3,-1.022672170E-1,-7.480458101E-2,1.270349008E-1
6.390651708E0,-1.725381777E-2,-1.140873635E-1,-1.326838481E-1,1.758369253E-1
6.400630708E0,-1.610626515E-2,-9.283331931E-2,-1.328487396E-1,1.628687342E-1
6.410640708E0,1.024761088E-3,-5.751262844E-2,-1.373417401E-1,1.489009944E-1
6.420650708E0,-1.439297615E-2,-6.934505403E-2,-1.245924620E-1,1.433149534E-1
6.430629708E0,-8.615652993E-3,-1.103702885E-1,-1.325353106E-1,1.726888491E-1
6.440639708E0,-1.609955912E-2,-8.283750415E-2,-8.736557881E-2,1.214660128E-1
6.450618708E0,-3.620267026E-3,-1.160906196E-1,-7.753756961E-2,1.396503240E-1
6.460628708E0,1.150563933E-2,-7.942389965E-2,-8.618910075E-2,1.177671289E-1
6.470607708E0,2.080583682E-2,-1.221074045E-1,-5.461649339E-2,1.353737878E-1
6.480617708E0,8.878814243E-4,-1.120981407E-1,-4.751679501E-2,1.217564261E-1
6.490627708E0,-3.629348483E-3,-1.202058899E-1,-3.639656941E-2,1.256476757E-1
6.500606708E0,-6.070469655E-3,-9.433020651E-2,-3.665502548E-2,1.013835754E-1
6.510616708E0,-3.933531605E-4,-1.123144877E-1,-1.106877009E-2,1.128592776E-1
6.520595708E0,-4.654200934E-4,-1.043991119E-1,-1.520625075E-2,1.055017594E-1
6.530605708E0,-1.982122052E-2,-1.093487799E-1,-3.859159590E-2,1.176407571E-1
6.540584708E0,-7.750045806E-3,-1.078618330E-1,-6.771424731E-2,1.275909774E-1
6.550594708E0,-1.949883794E-2,-9.079614937E-2,-6.508064311E-2,1.134003330E-1
6.560603708E0,-6.662354060E-3,-1.154977119E-1,-1.025812125E-1,1.546189302E-1
6.570583708E0,-2.986501940E-3,-8.182184279E-2,-8.303397059E-2,1.166120638E-1
6.580592708E0,-4.570293389E-3,-8.826488972E-2,-7.070338050E-2,1.131836841E-1
6.590572708E0,-3.912956715E-3,-1.093715841E-1,-1.241059828E-1,1.654682737E-1
6.600581708E0,-2.182199154E-2,-5.982344806E-2,-1.150322553E-1,1.314818010E-1
6.610561708E0,-9.042828642E-3,-9.830338955E-2,-1.018561212E-1,1.418449808E-1
6.620570708E0,-1.100500803E-3,-1.276534885E-1,-1.238054176E-1,1.778325214E-1
6.630580708E0,-2.441073664E-2,-1.028191942E-1,-7.935018819E-2,1.321518941E-1
6.640559708E0,1.273117919E-2,-1.082243603E-1,-9.319993973E-2,1.433904594E-1
6.650569708E0,3.689094236E-2,-1.299385804E-1,-6.090574941E-2,1.481704647E-1
6.660548708E0,1.613550123E-2,-8.713345349E-2,-3.375011047E-2,9.482438016E-2
6.670558708E0,3.739098893E-2,-1.172378433E-1,-1.083487233E-2,1.235321513E-1
6.680568708E0,3.209938668E-4,-7.010986984E-2,-3.563274946E-3,7.020109553E-2
6.690547708E0,-4.135041274E-3,-7.581850648E-2,-2.310585737E-2,7.936891795E-2
6.700557708E0,-6.996577252E-3,-8.212940633E-2,-3.653225223E-2,9.015984101E-2
6.710536708E0,-1.849759363E-2,-1.219682407E-1,-3.814257542E-2,1.291250122E-1
6.720555833E0,-1.405480608E-2,-1.312577122E-1,-2.516875505E-2,1.343859771E-1
6.730534833E0,-4.511839505E-2,-1.218249840E-1,-2.645982027E-2,1.325787252E-1
6.740544833E0,4.975213073E-3,-1.364921397E-1,-6.289148211E-2,1.503668696E-1
6.750554833E0,-4.044120725E-2,-8.334328830E-2,-6.417903900E-2,1.126966903E-1
6.760533833E0,-3.949885536E-3,-6.163725436E-2,-9.247954449E-2,1.112079982E-1
6.770543833E0,5.684681330E-3,-8.619146705E-2,-1.047996461E-1,1.358096109E-1
6.780522833E0,-1.571000665E-2,-7.871872544E-2,-7.879356980E-2,1.124805258E-1
6.790532833E0,3.344607353E-3,-9.549555659E-2,-7.571089944E-2,1.219127886E-1
6.800511833E0,-1.838388355E-2,-1.203509009E-1,-8.582424363E-2,1.489567297E-1
6.810521833E0,4.037655897E-2,-1.497021693E-1,-6.621153116E-2,1.685970725E-1
6.820531833E0,-1.188236447E-2,-1.347368056E-1,-1.346262749E-1,1.908387572E-1
6.830510833E0,-1.551664654E-2,-1.130465591E-1,-9.290056229E-3,1.144840425E-1
6.840520833E0,-2.578622103E-4,-3.866880655E-2,-1.326955608E-1,1.382152487E-1
6.850499833E0,1.369050628E-2,-8.942088425E-2,-1.992495378E-2,9.263114102E-2
6.860509833E0,-9.508650731E-3,-5.247115910E-2,-8.083189091E-2,9.683713938E-2
6.870488833E0,4.891400546E-2,-1.183353657E-1,1.223366336E-1,1.770934516E-1
6.880498833E0,2.819247818E-2,-8.572544396E-2,-1.427656174E-2,9.136458714E-2
6.890507833E0,-9.939608797E-3,-1.662445271E-1,1.675624895E-1,2.362482307E-1
6.900487833E0,-1.357165796E-1,-5.267990470E-2,-2.224924028E-1,2.658891341E-1
6.910496833E0,-7.642310858E-4,-2.381337047E-1,-1.408711195E-2,2.385512357E-1
6.920476833E0,-8.733205782E-2,-7.740661025E-2,-1.657334805E-1,2.026974548E-1
6.930485833E0,5.692951486E-2,-2.543299073E-1,-7.241191864E-2,2.704961319E-1
6.940495833E0,-6.680261157E-3,-1.226242983E-1,-2.084883213E-2,1.245633101E-1
6.950474833E0,5.328496361E-2,-1.495267528E-1,-8.052666625E-2,1.779946099E-1
6.960484833E0,2.096848078E-3,1.754047751E-2,8.302814165E-2,8.488661514E-2
6.970463833E0,3.850510279E-2,-5.833357751E-2,-1.435163816E-1,1.596320801E-1
6.980473833E0,-2.612057213E-2,-3.319464326E-3,3.735183086E-3,2.659426112E-2
6.990452833E0,-3.141416609E-4,-1.124524820E-1,-1.935311619E-1,2.238302259E-1
7.000462833E0,-7.718032300E-3,-1.174360639E-1,-8.377908859E-3,1.179872302E-1
7.010472833E0,2.415320333E-3,-2.196740448E-1,-1.062123517E-1,2.440155393E-1
7.020451833E0,-3.524409235E-2,-1.524579620E-1,5.111654196E-3,1.565621450E-1
7.030461833E0,1.658714382E-2,-1.410775262E-1,-2.074939292E-2,1.435567450E-1
7.040440833E0,-1.284225801E-2,-3.387525916E-2,-5.910329036E-3,3.670679451E-2
7.050450833E0,2.156560941E-2,-5.245010912E-2,-3.178564701E-3,5.679958389E-2
7.060429833E0,-1.437106736E-2,-7.251132131E-3,-2.253633857E-2,2.769463938E-2
7.070439833E0,7.029869836E-3,-8.632419884E-2,1.180788556E-2,8.741116941E-2
7.080449833E0,-3.144672778E-2,-1.390257382E-1,-5.400718611E-2,1.524264699E-1
7.090428833E0,-3.699460253E-3,-1.998133922E-1,-1.767496347E-2,2.006277200E-1
7.100438833E0,-3.021391544E-2,-1.984726256E-1,-5.362832308E-2,2.077986064E-1
7.110417833E0,-1.545494014E-2,-1.574520689E-1,-4.338867903E-2,1.640505613E-1
7.120427833E0,-2.344770022E-3,-1.011737877E-1,-4.359919706E-2,1.101931180E-1
7.130406833E0,1.194847455E-2,-3.784434915E-2,-6.266227126E-2,7.417223905E-2
7.140416833E0,2.731365994E-2,-2.946704328E-2,-4.667249361E-2,6.158461105E-2
7.150426833E0,1.932212412E-3,-4.398626447E-2,-4.529487133E-2,6.316763630E-2
7.160405833E0,2.388295233E-3,-1.013357556E-1,-7.216633558E-2,1.244291739E-1
7.170415833E0,-8.549433276E-3,-1.559756470E-1,-8.261414051E-2,1.767104736E-1
7.180394833E0,-1.626413997E-2,-1.628759462E-1,-5.492172718E-2,1.726542563E-1
7.190404833E0,-9.217075668E-3,-1.386357290E-1,-7.364569942E-2,1.572530091E-1
7.200413833E0,-1.960808951E-2,-1.037617654E-1,-5.890718937E-2,1.209174846E-1
7.210393833E0,-1.469211604E-2,-6.125484645E-2,-1.306152860E-2,6.433209166E-2
7.220402833E0,-1.535286969E-2,-4.014639795E-2,-1.670083562E-2,4.611249057E-2
7.230382833E0,6.707377620E-3,-4.539544344E-2,6.314810179E-4,4.589263522E-2
7.240391833E0,5.586283654E-4,-8.357776165E-2,1.150264263E-2,8.436744097E-2
7.250371833E0,-1.028792012E-2,-1.274535137E-1,-2.255855799E-3,1.278879523E-1
7.260380833E0,-2.880287267E-2,-1.641447920E-1,-3.939269185E-2,1.712451528E-1
7.270390833E0,-3.381956443E-2,-1.667058724E-1,-4.911893209E-2,1.770516318E-1
7.280369833E0,-3.239247836E-3,-1.421727097E-1,-4.627131980E-2,1.495480095E-1
7.290379833E0,-2.785545928E-2,-7.811061502E-2,-4.553692779E-2,9.460870247E-2
7.300358833E0,-1.459945595E-2,-5.117600083E-2,-4.747001728E-2,7.131290007E-2
7.310368833E0,7.184747960E-3,-6.928482771E-2,-3.946634850E-2,8.005998137E-2
7.320347833E0,7.351868693E-3,-8.589618266E-2,-3.355481347E-2,9.251015985E-2
7.330357833E0,3.178911880E-3,-1.062532640E-1,-3.196554026E-2,1.110029610E-1
7.340367833E0,8.150251172E-3,-1.195855004E-1,-5.563740810E-2,1.321462813E-1
7.350346833E0,8.045037836E-3,-1.151135498E-1,-3.402494788E-2,1.203060641E-1
7.360356833E0,-1.099568903E-2,-1.088377333E-1,-6.293241262E-2,1.262024006E-1
7.370335833E0,4.055336416E-3,-1.060088503E-1,-6.861824512E-2,1.263439182E-1
7.380345833E0,3.710789233E-3,-9.179777741E-2,-3.262512445E-2,9.749359282E-2
7.390355833E0,8.692909330E-3,-6.575544834E-2,3.580834866E-3,6.642415252E-2
7.400334833E0,8.750285134E-3,-7.264171422E-2,2.557608671E-3,7.321152571E-2
7.410344833E0,-2.041226439E-3,-8.552020669E-2,-4.491794519E-3,8.566241052E-2
7.420323833E0,-4.867916666E-3,-1.051370305E-1,-3.164863944E-2,1.099050871E-1
7.430333833E0,-1.192607241E-2,-1.353764910E-1,-1.511386475E-2,1.367386354E-1
7.440312833E0,-3.565670477E-2,-1.361401373E-1,-2.687495431E-2,1.432752622E-1
7.450322833E0,-1.707653750E-2,-1.151959956E-1,-1.694519442E-2,1.176812013E-1
7.460332833E0,-7.355614565E-3,-1.261273652E-1,-2.745618582E-2,1.292906008E-1
7.470311833E0,5.103577729E-3,-9.094232976E-2,-2.466355562E-2,9.436548535E-2
7.480321833E0,3.481066748E-3,-6.564084291E-2,-6.212432742E-2,9.044484586E-2
7.490300833E0,-2.176180176E-2,-9.498217106E-2,-4.592052341E-2,1.077213224E-1
7.500310833E0,-9.229300003E-3,-1.074156904E-1,-4.858449658E-2,1.182529654E-1
7.510289833E0,3.769626841E-3,-1.253841841E-1,-7.073025942E-2,1.440075460E-1
7.520299833E0,1.668344015E-2,-1.221085739E-1,-4.352550387E-2,1.307031388E-1
7.530308833E0,2.070288928E-2,-1.164274192E-1,-8.167509595E-2,1.437176915E-1
7.540288833E0,-2.176260576E-4,-1.134383225E-1,-4.928618073E-2,1.236827716E-1
7.550297833E0,-3.460199498E-3,-8.514481544E-2,-5.402008653E-2,1.008949073E-1
7.560277833E0,-2.691765726E-3,-7.736977279E-2,-1.526008168E-2,7.890625728E-2
7.570286833E0,8.003230244E-3,-8.756263912E-2,-7.199091911E-3,8.822184757E-2
7.580266833E0,-1.239792444E-4,-8.068689823E-2,-2.629958829E-2,8.486494719E-2
7.590275833E0,-2.816512417E-3,-1.206666505E-1,-2.401217580E-2,1.230648523E-1
7.600285833E0,-2.454461960E-2,-1.305490297E-1,-1.631139278E-2,1.338340354E-1
7.610264833E0,-2.359075600E-2,-1.435813040E-1,-2.242405375E-2,1.472241583E-1
7.620274833E0,-1.143041125E-2,-1.172431058E-1,-1.012032431E-2,1.182329105E-1
7.630253833E0,1.239810716E-3,-1.075221097E-1,-3.774944153E-3,1.075954991E-1
7.640263833E0,-2.753645713E-2,-1.028846830E-1,-2.245312538E-3,1.065296010E-1
7.650273833E0,-1.230473444E-4,-1.111140543E-1,1.870409170E-2,1.126773769E-1
7.660252833E0,-1.428637410E-2,-9.091426313E-2,-3.351739129E-2,9.794344921E-2
7.670262833E0,-2.129660094E-2,-1.010983586E-1,-1.724226952E-2,1.047459746E-1
7.680241833E0,-1.717626907E-2,-9.945938408E-2,-1.731009722E-2,1.024052380E-1
7.690251833E0,-7.222553864E-3,-1.334498334E-1,-6.363175789E-2,1.480203497E-1
7.700230833E0,-2.407017287E-2,-1.020181257E-1,-8.707203945E-2,1.362666916E-1
7.710240833E0,2.255015261E-3,-1.350929010E-1,-5.215480646E-2,1.448285222E-1
7.720300583E0,1.269404937E-2,-1.118964118E-1,-5.350787044E-2,1.246797420E-1
7.730279583E0,2.247114211E-2,-1.017064691E-1,-3.939835634E-3,1.042337775E-1
7.740289583E0,1.182266805E-2,-5.561345279E-2,-3.364135226E-2,6.606339526E-2
7.750268583E0,3.530906953E-2,-6.280318916E-2,-9.181279745E-3,7.263103233E-2
7.760278583E0,-4.415141176E-3,-8.586694658E-2,-9.972992744E-3,8.655684011E-2
7.770257583E0,-1.358335605E-2,-1.095341367E-1,1.141358223E-3,1.103790621E-1
7.780267583E0,-4.564245176E-3,-1.152474511E-1,-1.659324685E-2,1.165252898E-1
7.790277583E0,-1.390900942E-2,-1.363623315E-1,-2.193522653E-2,1.388139048E-1
7.800256583E0,-1.940265125E-2,-1.139166248E-1,-8.869038429E-3,1.158970238E-1
7.810266583E0,-2.057196647E-2,-1.016339636E-1,-1.611373862E-2,1.049396061E-1
7.820245583E0,-2.211506495E-2,-9.549789548E-2,-1.762232026E-2,9.959653764E-2
7.830255583E0,-2.375467904E-2,-8.964951038E-2,-1.084307671E-2,9.337500630E-2
7.840264583E0,-7.742060702E-3,-1.059649962E-1,-3.807688560E-3,1.063156546E-1
7.850244583E0,8.766474612E-3,-7.528231680E-2,-1.166634640E-2,7.668364844E-2
7.860253583E0,-1.612603605E-2,-1.285779333E-1,-2.376657447E-2,1.317466661E-1
7.870233583E0,-5.108292047E-3,-1.103235108E-1,-5.630165180E-2,1.239647033E-1
7.880242583E0,-1.881853268E-3,-1.053919691E-1,-8.074537039E-2,1.327811107E-1
7.890222583E0,-2.759812698E-3,-1.061503530E-1,-7.240137538E-2,1.285203220E-1
7.900231583E0,3.641189095E-3,-9.927578151E-2,-7.112551292E-2,1.221792848E-1
7.910241583E0,-3.375871684E-3,-7.832579255E-2,-3.258066734E-2,8.489891738E-2
7.920220583E0,1.006062789E-2,-7.802816927E-2,-1.302995363E-2,7.974579064E-2
7.930230583E0,8.773326818E-3,-5.946501374E-2,3.466211166E-3,6.020858529E-2
7.940209583E0,-2.170230635E-4,-8.177740395E-2,-9.156556986E-4,8.178281801E-2
7.950219583E0,8.839345537E-4,-1.070876616E-1,-7.856318951E-3,1.073790965E-1
7.960198583E0,-1.086677620E-2,-1.321026349E-1,-1.075187841E-2,1.329841940E-1
7.970208583E0,-1.938436043E-2,-1.152035969E-1,-1.942677101E-2,1.184272841E-1
7.980218583E0,-2.380584218E-3,-1.283896530E-1,-6.300941315E-3,1.285662165E-1
7.990197583E0,-5.272087175E-3,-1.114806747E-1,6.140745878E-3,1.117740780E-1
8.000207583E0,6.509047374E-4,-1.125244027E-1,-7.950386032E-5,1.125263134E-1
8.010186583E0,-2.629463643E-2,-7.838660359E-2,-6.139576435E-4,8.268158484E-2
8.020196583E0,-2.363044398E-2,-9.829169512E-2,-1.733697614E-2,1.025681527E-1
8.030175583E0,-8.541703988E-3,-1.093698299E-1,-9.911012258E-3,1.101496644E-1
8.040185583E0,-9.917864464E-3,-1.120700741E-1,-3.674509088E-2,1.183565260E-1
8.050195583E0,-1.663149130E-3,-1.291456980E-1,-2.653934240E-2,1.318548977E-1
8.060174583E0,-1.817395024E-2,-1.129828244E-1,-5.042406717E-2,1.250519797E-1
8.070184583E0,7.699577026E-3,-1.116338718E-1,-5.558714032E-2,1.249453280E-1
8.080163583E0,2.045792749E-2,-1.083360422E-1,-3.411146840E-2,1.154071796E-1
8.090173583E0,2.247912722E-2,-7.316328585E-2,-2.626101494E-2,8.091859158E-2
8.100183583E0,7.159586661E-3,-5.895338237E-2,-7.961568832E-3,5.991784002E-2
8.110162583E0,-8.106506690E-3,-9.278888047E-2,-1.891340375E-2,9.504319350E-2
8.120172583E0,4.379527979E-3,-1.005814648E-1,-3.793655243E-3,1.007482166E-1
8.130151583E0,6.012764946E-3,-1.189961010E-1,-1.084188899E-2,1.196401770E-1
8.140161583E0,2.668210583E-2,-1.362249219E-1,-6.883287448E-3,1.389839695E-1
8.150140583E0,-2.735131966E-2,-1.203655189E-1,-8.449208345E-3,1.237228433E-1
8.160150583E0,-2.772318430E-2,-1.303946632E-1,1.174237847E-2,1.338253586E-1
8.170159583E0,-1.288243935E-2,-1.022485059E-1,5.099941492E-3,1.031829618E-1
8.180139583E0,-2.061011955E-2,-8.622538090E-2,-7.629446983E-3,8.898203077E-2
8.190148583E0,-1.735077191E-2,-7.290483892E-2,6.713754740E-3,7.524120764E-2
8.200128583E0,-1.758800441E-2,-1.106263965E-1,-2.549035192E-2,1.148794827E-1
8.210137583E0,3.550100438E-3,-1.089792359E-1,3.346927967E-3,1.090883999E-1
8.220117583E0,-2.180428544E-2,-1.023841614E-1,-4.751564384E-2,1.149594701E-1
8.230126583E0,-1.410479978E-2,-1.264904773E-1,-6.365627965E-2,1.423056857E-1
8.240136583E0,-2.127436325E-3,-1.187049097E-1,-2.933663210E-2,1.222948059E-1
8.250115583E0,-1.069234645E-2,-1.148100793E-1,-2.377245823E-2,1.177319428E-1
8.260125583E0,4.693998545E-3,-9.340868533E-2,-1.802928647E-2,9.524847131E-2
8.270104583E0,-3.181269038E-3,-6.886382818E-2,-3.095517794E-2,7.556831575E-2
8.280114583E0,1.830617040E-2,-6.558295548E-2,-3.023363153E-2,7.450041879E-2
8.290124583E0,-5.593227223E-3,-9.521547496E-2,-1.032620111E-2,9.593696520E-2
8.300103583E0,1.381221972E-4,-1.253163564E-1,-3.368697882E-2,1.297652527E-1
8.310113583E0,7.059964724E-3,-1.290778702E-1,-1.344510594E-2,1.299681136E-1
8.320092583E0,-4.682888836E-4,-1.438999772E-1,-6.795634031E-3,1.440611099E-1
8.330102583E0,-3.040961444E-2,-1.367178422E-1,-1.458646417E-2,1.408164691E-1
8.340081583E0,-1.478779111E-2,-1.189054692E-1,-8.169729710E-3,1.200996830E-1
8.350091583E0,-5.247382689E-3,-8.463026047E-2,2.824223433E-3,8.483980345E-2
8.360101583E0,-4.262802936E-3,-8.747376144E-2,7.224819660E-3,8.787507296E-2
8.370080583E0,-1.514936831E-2,-1.024455571E-1,7.305492964E-3,1.038169820E-1
8.380090583E0,-3.984804377E-3,-1.091879815E-1,-1.402982751E-2,1.101577506E-1
8.390069583E0,-1.115615856E-2,-1.163742095E-1,-2.173874181E-2,1.189116874E-1
8.400079583E0,-1.796155013E-3,-1.265524578E-1,-4.382486304E-2,1.339379310E-1
8.410058583E0,-2.787117368E-2,-1.283551544E-1,-4.353133282E-2,1.383720525E-1
8.420068583E0,-1.454840245E-2,-1.077033734E-1,-4.916570982E-2,1.192851193E-1
8.430078583E0,-1.058784574E-3,-1.084535712E-1,-6.012107134E-3,1.086252437E-1
8.440057583E0,2.457127925E-3,-8.584472716E-2,-1.317611575E-2,8.688477821E-2
8.450067583E0,1.848116660E-2,-7.806208313E-2,-8.091395292E-3,8.062699932E-2
8.460046583E0,-1.293082505E-2,-1.105439508E-1,-6.505630407E-3,1.114876429E-1
8.470056583E0,-1.796246376E-2,-9.288360536E-2,-1.060567975E-2,9.519713594E-2
8.480065583E0,-1.633642618E-2,-1.148966181E-1,-9.154400826E-3,1.164126915E-1
8.490045583E0,-9.059054665E-3,-1.271874654E-1,-6.472886000E-3,1.276738661E-1
8.500054583E0,-1.355454024E-2,-1.143265146E-1,6.967542171E-3,1.153378695E-1
8.510034583E0,-7.568891756E-3,-9.292219698E-2,1.106176257E-2,9.388389322E-2
8.520043583E0,-9.511007890E-3,-7.705753148E-2,3.601702116E-4,7.764310756E-2
8.530023583E0,-1.765943181E-2,-7.840005219E-2,9.847862329E-3,8.096545009E-2
8.540032583E0,1.590607110E-2,-8.393911958E-2,-2.437119484E-3,8.546764560E-2
8.550042583E0,-1.553051541E-2,-1.122349656E-1,-1.363552418E-3,1.133125928E-1
8.560021583E0,2.801620290E-3,-1.311039305E-1,1.172951460E-3,1.311391074E-1
8.570031583E0,4.930043332E-3,-1.382919127E-1,-1.009699026E-2,1.387476402E-1
8.580010583E0,1.867587706E-1,1.718145847E-2,-4.773666859E-2,1.935273377E-1
8.590020583E0,-2.022399136E-1,-2.168749827E-1,6.073385954E-2,3.026951312E-1
8.599999583E0,-1.987358965E-3,-1.085746086E-1,-1.148976048E-2,1.091989460E-1
8.610009583E0,8.581446782E-3,-6.685647905E-2,-3.671698770E-2,7.675654503E-2
8.620019583E0,-1.692931557E-2,-1.051925790E-1,-4.458733996E-2,1.154993995E-1
8.629998583E0,-2.199890636E-2,-1.177898204E-1,3.102064848E-2,1.237767115E-1
8.640008583E0,-6.348614395E-3,-1.309887403E-1,-6.015964469E-2,1.442828397E-1
8.649987583E0,-2.104420222E-2,-8.159263194E-2,-3.867465377E-2,9.271431862E-2
8.659997583E0,-7.192568611E-2,-2.029556859E-1,7.737739244E-2,2.288046669E-1
8.670007583E0,5.559342608E-2,-1.560329497E-2,-4.002068281E-2,7.025487093E-2
8.679986583E0,-3.661524614E-2,-1.528736991E-1,-1.208128309E-1,1.982593862E-1
8.689996583E0,-3.266547024E-3,-2.456824601E-2,3.587851524E-2,4.360661529E-2
8.699975583E0,2.217214840E-2,-1.554201615E-1,5.180165291E-2,1.653192124E-1
8.709985583E0,-1.769142704E-2,-8.824208558E-2,6.299790144E-2,1.098562144E-1
8.719982417E0,5.245537162E-3,-1.326136816E-1,1.716742516E-3,1.327284875E-1
8.729992417E0,3.479166403E-3,-9.405714154E-2,-1.845498204E-2,9.591369473E-2
8.740002417E0,6.633841574E-2,-8.917062342E-2,-8.260946274E-3,1.114469772E-1
8.749981417E0,-4.706509760E-2,-1.209917557E-1,-4.440024734E-2,1.372060871E-1
8.759991417E0,2.487361684E-2,-1.274798262E-1,-2.628202837E-2,1.325162176E-1
8.769970417E0,3.601983514E-2,-9.352387547E-2,2.861627340E-2,1.042258841E-1
8.779980417E0,3.741424989E-2,-1.015193582E-1,1.268144131E-2,1.089349583E-1
8.789959417E0,-3.505341830E-2,-7.469350219E-2,-3.366885245E-1,3.466511560E-1
8.799969417E0,3.482689351E-2,-9.147968888E-2,9.956985991E-2,1.396266557E-1
8.809978417E0,-2.697276726E-2,-7.220083416E-2,-1.210256696E-1,1.434841570E-1
8.819958417E0,1.597740714E-2,-1.055919439E-1,2.090960663E-2,1.088216329E-1
8.829967417E0,2.036150325E-2,-1.395917487E-1,1.365640604E-1,1.963420223E-1
8.839947417E0,6.012819763E-3,-1.151614970E-1,2.560263673E-2,1.181262858E-1
8.849956417E0,-1.612980019E-2,-1.536449468E-1,6.412177283E-2,1.672678746E-1
8.859966417E0,5.931377186E-2,-9.885419726E-2,1.548716927E-1,1.930686848E-1
8.869945417E0,5.665359937E-2,-7.522267520E-2,1.141481745E-1,1.479793463E-1
8.879955417E0,-2.428827401E-2,-7.907306671E-2,-5.927673340E-2,1.017654227E-1
8.889934417E0,-3.793828832E-2,-7.795858741E-2,-7.104478480E-2,1.120902160E-1
8.899944417E0,-1.545124909E-2,-1.091306788E-1,-5.939479234E-2,1.252037839E-1
8.909923417E0,-1.222261760E-2,-8.238083661E-2,-7.014670730E-2,1.088878100E-1
8.919933417E0,2.108425565E-2,-1.143113118E-1,1.668674748E-2,1.174311262E-1
8.929943417E0,-3.934712011E-2,-1.343742782E-1,-1.788195491E-1,2.271146707E-1
8.939922417E0,-4.881390844E-2,-1.705767292E-1,7.182719707E-2,1.914115055E-1
8.949932417E0,-5.984426050E-2,-1.722402620E-1,-8.797702398E-3,1.825525758E-1
8.959911417E0,-1.368635841E-2,-1.042032301E-1,-2.314675134E-2,1.076169210E-1
8.969921417E0,-4.234416531E-2,-1.352677327E-1,4.006530438E-3,1.417971796E-1
8.979900417E0,-6.092835255E-3,-1.099036807E-1,-6.702078581E-3,1.102762872E-1
8.989910417E0,-4.691842385E-3,-1.256215811E-1,1.278084397E-2,1.263572119E-1
8.999920417E0,-9.008110799E-3,-1.145142102E-1,-7.175355870E-2,1.354371573E-1
9.009899417E0,-3.326194106E-2,-1.389041162E-1,-8.778307915E-2,1.676501691E-1
9.019909417E0,-4.697581792E-2,-1.254175133E-1,-6.702546358E-2,1.497621209E-1
9.029888417E0,-1.958239831E-2,-1.096744698E-1,-2.765616059E-2,1.147903431E-1
9.039898417E0,-4.497203194E-3,-9.645800829E-2,-3.528246470E-3,9.662722558E-2
9.049908417E0,2.764819376E-3,-7.679265261E-2,-3.958798885E-2,8.644052627E-2
9.059887417E0,1.613471551E-2,-8.718373954E-2,-1.115648746E-2,8.936330733E-2
9.069897417E0,1.383368997E-2,-7.315451503E-2,-2.034125727E-2,7.717979525E-2
9.079876417E0,1.775634941E-3,-9.732398093E-2,6.684536934E-3,9.756942747E-2
9.089886417E0,-1.998943761E-3,-1.119578075E-1,2.325441319E-2,1.143648293E-1
9.099865417E0,-1.618419757E-2,-1.360775721E-1,4.643504184E-2,1.446901759E-1
9.109875417E0,-1.839424409E-3,-1.097779655E-1,1.770770788E-2,1.112121761E-1
9.119884417E0,-1.544099819E-2,-1.120589644E-1,-3.266017120E-2,1.177383655E-1
9.129864417E0,-1.349983223E-2,-1.031127244E-1,-2.375957608E-2,1.066723810E-1
9.139873417E0,-3.202061372E-2,-1.053720886E-1,-1.618275404E-2,1.113125252E-1
9.149853417E0,-2.419068033E-2,-8.996935308E-2,-3.250697415E-2,9.867308081E-2
9.159862417E0,-2.722282710E-2,-1.233557850E-1,-3.095044535E-2,1.300602248E-1
9.169842417E0,-3.349383797E-2,-1.273938721E-1,-1.671715301E-2,1.327798895E-1
9.179851417E0,-2.693793979E-2,-1.196123976E-1,-4.333956242E-3,1.226848052E-1
9.189861417E0,-2.128852447E-2,-1.129050565E-1,-1.237501066E-2,1.155590496E-1
9.199840417E0,-1.698725782E-3,-1.051686054E-1,-3.064057946E-2,1.095543990E-1
9.209850417E0,5.035768300E-3,-9.952253401E-2,-2.212582748E-2,1.020766672E-1
9.219829417E0,9.626563489E-3,-9.656618178E-2,-3.362269599E-2,1.027043518E-1
9.229839417E0,-4.239487164E-3,-8.295620263E-2,-1.936714768E-2,8.529238662E-2
9.239849417E0,1.549018789E-2,-1.143873256E-1,1.519910619E-4,1.154314918E-1
9.249828417E0,-1.503717486E-2,-1.131787062E-1,1.465312243E-3,1.141826751E-1
9.259838417E0,-1.710867891E-2,-1.192878771E-1,-1.977491789E-3,1.205247484E-1
9.269817417E0,5.638433509E-3,-1.259882015E-1,7.856355496E-3,1.263587796E-1
9.279827417E0,1.819587730E-2,-9.332799375E-2,4.301211834E-3,9.518248154E-2
9.289806417E0,-5.154357143E-3,-1.049686307E-1,-2.256557465E-2,1.074903995E-1
9.299816417E0,-9.777695742E-3,-1.060041726E-1,2.103009582E-2,1.085115333E-1
9.309826417E0,-4.185272511E-3,-1.175366360E-1,-3.031079650E-2,1.214541959E-1
9.319805417E0,-4.390235692E-3,-1.017959315E-1,-4.026509643E-2,1.095580386E-1
9.329815417E0,-8.765122443E-3,-9.697665632E-2,-1.735804439E-2,9.890703184E-2
9.339794417E0,-1.208853364E-2,-9.158143044E-2,-7.829421759E-3,9.270701641E-2
9.349804417E0,-3.101085439E-2,-1.357372642E-1,-5.444927216E-3,1.393410392E-1
9.359814417E0,-3.165452320E-2,-1.218086118E-1,-1.032654829E-3,1.258587030E-1
9.369793417E0,-1.178791367E-2,-1.125372666E-1,1.712028198E-3,1.131659062E-1
9.379803417E0,-2.208862457E-2,-1.188136679E-1,-1.733933330E-2,1.220870488E-1
9.389782417E0,-1.178268772E-2,-1.082155895E-1,-6.788617373E-3,1.090666350E-1
9.399792417E0,-1.767116278E-2,-1.055416578E-1,-2.867942333E-2,1.107872775E-1
9.409771417E0,-1.480854873E-2,-1.046423560E-1,5.856571198E-3,1.058471314E-1
9.419781417E0,3.541146889E-3,-1.163098902E-1,-7.073961496E-3,1.165786052E-1
9.429790417E0,-1.134063821E-2,-1.101609582E-1,-7.375677824E-3,1.109885012E-1
9.439770417E0,1.832798783E-2,-1.013135362E-1,-2.663753908E-2,1.063480429E-1
9.449779417E0,8.067622706E-3,-7.884034753E-2,-5.472993851E-4,7.925393663E-2
9.459759417E0,-4.945246093E-3,-7.956072450E-2,-1.360307761E-1,1.576665354E-1
9.469768417E0,-4.842755366E-2,-1.052680081E-1,-8.057459515E-2,1.411341449E-1
9.479748417E0,8.816212490E-3,-1.111789584E-1,-6.249467544E-3,1.117029196E-1
9.489757417E0,9.003981203E-3,-1.085681766E-1,2.306141853E-3,1.089653107E-1
9.499767417E0,1.743237711E-2,-1.013790250E-1,5.925571997E-2,1.187132462E-1
9.509746417E0,2.469352260E-2,-9.547743022E-2,-8.973100595E-3,9.902639181E-2
9.519756417E0,6.868797317E-3,-9.710763395E-2,1.438469868E-3,9.736088611E-2
9.529735417E0,-2.606432922E-3,-1.031092161E-1,-5.686983671E-3,1.032988176E-1
9.539745417E0,-7.816886790E-3,-1.226441789E-1,1.938954983E-3,1.229083312E-1
9.549755417E0,-2.105849136E-2,-1.221272850E-1,5.794007817E-2,1.368049212E-1
9.559734417E0,-1.823815998E-2,-1.292486089E-1,5.651567817E-2,1.422387263E-1
9.569744417E0,-1.628102381E-2,-1.175196791E-1,5.039366165E-2,1.289010001E-1
9.579723417E0,-8.848997097E-2,-1.403384382E-1,-2.283218941E-2,1.674713739E-1
9.589733417E0,-4.178910010E-2,-1.331709212E-1,5.231854677E-2,1.490572155E-1
9.599712417E0,1.716157794E-4,-1.066941440E-1,-3.648192963E-2,1.127590396E-1