,t,a,a_kal,v_kal
0,0.156128625,-0.002592653136,0.01592980967026424,0.0
1,0.166138625,0.04890494227,0.014036569412424085,0.00014998172730885533
2,0.176117625,0.006126714845,0.012037066358548855,0.0002800761329881246
3,0.186127625,0.01578631282,0.01004117015195806,0.00039057770672321166
4,0.196137625,0.01358542313,0.00804252122501709,0.0004810865820649725
5,0.206116625,0.02968163838,0.006067901652719537,0.0005514905370134393
6,0.216126625,0.002406713963,0.004115413208692146,0.0006024580278948048
7,0.226105625,0.00780603518,0.0023084667789446726,0.0006345099770931188
8,0.236115625,-0.03215500832,0.00070141325398372,0.0006495744266579253
9,0.246094625,0.009942605495,-0.0005498414280246681,0.000650330694283548
10,0.256104625,0.009673631291,-0.0015072794708791276,0.0006400348041845345
11,0.266083625,-0.06232897997,-0.0021294786676963884,0.000621889199452112
12,0.276093625,-0.02896359801,-0.0022105087361439825,0.0006001675624958909
13,0.286072625,-0.01825383668,-0.001852060569506729,0.0005798973729453466
14,0.296082625,-0.006081104279,-0.0011502913724119601,0.0005648706014760436
15,0.306092625,0.01570678954,-0.00022915503271706168,0.0005579664722183729
16,0.316071625,-0.008867887259,0.0007605451865641093,0.0005606178433909928
17,0.326081625,-0.006744176249,0.00178757453331033,0.0005733711825889643
18,0.336060625,0.03675559759,0.002751297906697002,0.0005960178866283809
19,0.346070625,0.03932135582,0.003453217989856058,0.000627071488690629
20,0.356049625,0.01063491583,0.0038307532940072683,0.0006634148634114649
21,0.366059625,0.04385411739,0.003940245465393059,0.0007023087122022636
22,0.376038625,-0.005964157681,0.0037217013038762445,0.0007405379956075329
23,0.386048625,0.02249423862,0.003346047590830556,0.0007759120788255403
24,0.396058625,0.005334999561,0.0028090354471277702,0.0008067182694305218
25,0.406037625,-0.0117318512,0.0022289907666548543,0.0008318555012241902
26,0.416047625,-0.01398420095,0.0017278918515873237,0.0008516596987284922
27,0.426026625,-0.02092718254,0.0013759221544173395,0.0008671461787114525
28,0.436036625,-0.01024198065,0.0012287063825673229,0.0008801823445390608
29,0.446015625,0.008832803965,0.0012716120770634985,0.0008926576834933888
30,0.456025625,-0.009415185502,0.00145542750434283,0.0009063065165983274
31,0.466004625,-0.02762458563,0.001819177808321852,0.0009226451598058679
32,0.476014625,-0.008832803965,0.0023852686698446948,0.0009436884144290916
33,0.485993625,-0.001351873975,0.003055190222365013,0.0009708335840717718
34,0.496003625,0.006782772441,0.0037362854730305355,0.0010048249199272265
35,0.506012625,0.0369216608,0.004327731092088126,0.0010451812908273627
36,0.515992625,0.02692993641,0.004688340955960949,0.0010901714903471275
37,0.526001625,0.007610735893,0.004809074292556767,0.0011377013049583347
38,0.535981625,0.01525421619,0.004734035520182315,0.0011853214229239027
39,0.545990625,0.008230540752,0.004456246948052205,0.0012313141915361822
40,0.555970625,0.006964033842,0.0040146206697217485,0.0012735838209488746
41,0.565979625,-0.002057048182,0.0034418524451822743,0.0013108997406524115
42,0.575959625,0.002048862081,0.002790787567780436,0.0013420006143170953
43,0.585968625,0.002340055704,0.002078761866924372,0.0013663702744630757
44,0.595948625,-0.002976229341,0.0013296199025229051,0.0013833780994926177
45,0.605958625,0.02767487168,0.0005789836790712211,0.0013929306604184963
46,0.615967625,0.003946871707,-0.0002176469526616702,0.0013947389700658128
47,0.625947625,-0.01114946966,-0.0009517149606945562,0.0013889038541181652
48,0.635956625,-0.04412776709,-0.0015256783613308619,0.001376505739238089
49,0.645936625,-0.02850400686,-0.0018210265430229824,0.0013598056817653633
50,0.655945625,0.006173490286,-0.001884156402978749,0.0013412630937120979
51,0.665925625,-0.01376668339,-0.0018413883837168528,0.001322672625226487
52,0.675934625,-0.004765480757,-0.0016948004905418413,0.001304975768005259
53,0.685914625,0.03147088408,-0.0015238865680421835,0.0012889145195829248
54,0.695923625,-0.003259236863,-0.0014684632598740005,0.0012739393048691182
55,0.705933625,0.01220431079,-0.0014723962792044776,0.0012592203028760304
56,0.715912625,0.004524577756,-0.0015849204479347302,0.0012439658210659694
57,0.725922625,0.005447266102,-0.0017869762808109938,0.001227089477938597
58,0.735901625,0.004411139488,-0.0020677449407816998,0.0012078563464034602
59,0.745911625,-0.02502725244,-0.0024013176150436306,0.0011854886883115544
60,0.755890625,0.005920891712,-0.00269383729227363,0.0011600664129014949
61,0.765900625,0.0005040299892,-0.003009824975389145,0.0011315195832518428
62,0.775879625,-0.01749136319,-0.003326216820158104,0.00109990590271296
63,0.785889625,0.0148694694,-0.0035888072837582468,0.0010652962070728583
64,0.795868625,-0.01313752641,-0.003868107698257525,0.0010280899297700908
65,0.805878625,0.009074878693,-0.004082722194424891,0.0009882960261572156
66,0.815888625,-0.0171685946,-0.004268055506355168,0.000946500383764811
67,0.825867625,-0.02699074745,-0.004340072279838566,0.0009035501301755975
68,0.835877625,-0.02927817822,-0.004268092740540155,0.0008604662642486022
69,0.845856625,0.01452331538,-0.004071754676308049,0.0008188545955622378
70,0.855866625,0.002942318916,-0.00390342574899688,0.0007789388175335868
71,0.865845625,0.004269636869,-0.003773553514058717,0.0007406345295005711
72,0.875855625,-0.009635041952,-0.0037083665796766646,0.0007031875194314253
73,0.885834625,0.008602421384,-0.0036906215726797142,0.0006662702680452433
74,0.895844625,-0.007310189009,-0.0037780034359610553,0.0006288897998769963
75,0.905854625,-0.008642187018,-0.003939579202381794,0.0005902632987720901
76,0.915833625,0.03451845517,-0.004179825332988489,0.0005497515298428602
77,0.925843625,-0.01330592394,-0.004601518083801381,0.0005058009060418271
78,0.935822625,0.006733654687,-0.0050618815217539515,0.00045758537370990844
79,0.945832625,-0.008431684971,-0.00557029111968497,0.00040437134963950685
80,0.955811625,0.001405670643,-0.00604600843221532,0.00034641182302529996
81,0.965821625,-0.0226076746,-0.0064637179781125865,0.000283800642341609
82,0.975800625,-0.02617213726,-0.006717294664433089,0.00021803397976162764
83,0.985810625,-0.004702329686,-0.006767131654444477,0.00015054442603564493
84,0.995789625,-0.0288630259,-0.006654569580213439,8.357684772531952e-05
85,1.005799625,-0.01033436666,-0.006324258393426737,1.8617813717249955e-05
86,1.015809625,-0.0009881794453,-0.005842089969646311,-4.2274759839929754e-05
87,1.025788625,-0.004328106742,-0.005261138863218329,-9.767432010150765e-05
88,1.035798625,-0.01676513672,-0.004600831537674051,-0.00014703348195797437
89,1.045803583,-0.01286036839,-0.003860410912401061,-0.00018936066962838417
90,1.055813583,-0.007973262122,-0.0030912358059735426,-0.00022415366145384856
91,1.065792583,0.01138569832,-0.0023606100367293487,-0.00025135564628601454
92,1.075802583,0.01399472708,-0.0017730515985426073,-0.0002720446227705508
93,1.085781583,0.001560034852,-0.0013777973305351575,-0.0002877657835021843
94,1.095791583,0.0147712339,-0.0011692422248296887,-0.0003005137164767854
95,1.105800583,-0.005177127023,-0.0011899450419907936,-0.00031232026915358846
96,1.115780583,0.02598853469,-0.0013904488411555851,-0.000325196434630489
97,1.125789583,-0.002635920248,-0.001832206682080527,-0.000341324214196524
98,1.135769583,-0.02555817733,-0.00241252696266552,-0.000362505435083807
99,1.145778583,0.001543662648,-0.003041891172792189,-0.0003898020706427049
100,1.155758583,-0.005661271911,-0.0037689977799025584,-0.0004237884065166513
101,1.165767583,0.004953761101,-0.004565580506578061,-0.00046549880355134423
102,1.175747583,0.007327731798,-0.005442834819587929,-0.0005154407960289119
103,1.185756583,0.001308609147,-0.0063804917626871065,-0.0005746106339099082
104,1.195736583,-0.01737909322,-0.007321409323375633,-0.0006429831203293605
105,1.205745583,-0.008236385684,-0.00817063168337314,-0.0007205130395476343
106,1.215755583,-0.03680822025,-0.008905470892559372,-0.0008059789329401771
107,1.225734583,-0.037866564,-0.00942611938354649,-0.0008974444026228069
108,1.235744583,0.01469288578,-0.009731896423299177,-0.0009933302717360702
109,1.245723583,-0.01326616516,-0.009975370936824293,-0.0010916596822294058
110,1.255733583,-0.001392806768,-0.010106628661978218,-0.001192170090221413
111,1.265713583,-0.04674147248,-0.010161956410794783,-0.0012933103297345491
112,1.275722583,0.02696150909,-0.010047122743533289,-0.0013944466663623855
113,1.285702583,-0.005488196611,-0.009967469618847159,-0.0014943194822506628
114,1.295711583,-0.02541784873,-0.00985415384229137,-0.0015935167968619299
115,1.305721583,-0.0118511344,-0.009656854253967527,-0.0016911693923837064
116,1.315700583,-0.002966877222,-0.009417663448019238,-0.001786341698457769
117,1.325710583,0.001024434466,-0.00917244294570983,-0.0018793851809583836
118,1.335689583,-0.007911280494,-0.008937020307574789,-0.001969742347860647
119,1.345699583,-0.002475713391,-0.008684994493587152,-0.0020579405319404633
120,1.355678583,-0.02064651618,-0.008417671895481265,-0.00214327428588872
121,1.365688583,-0.0195004642,-0.00807848110393344,-0.002225837531650791
122,1.375667583,-0.003448687792,-0.0076691569399656954,-0.0023044103716708254
123,1.385677583,-0.01915664792,-0.007239484376626262,-0.0023790281214603687
124,1.395656583,0.003828756809,-0.006767809809055992,-0.00244891751579983
125,1.405666583,-0.009067862034,-0.006329916189477101,-0.002514471634422487
126,1.415676583,0.006278740168,-0.005911926086517744,-0.002575742055013842
127,1.425655583,-0.004844998321,-0.005561915421160763,-0.0026329907872164036
128,1.435665583,-0.01867600451,-0.0052551025940913675,-0.002687129962382741
129,1.445644583,0.02876011491,-0.0049601526373711955,-0.0027380989783601234
130,1.455654583,-0.0256493939,-0.004791696825635672,-0.002786906984922473
131,1.465633583,-0.042215723,-0.004604274552151474,-0.0028337881841119417
132,1.475643583,0.03309056739,-0.004362079249204333,-0.0028786647848877277
133,1.485622583,-0.01342403541,-0.004275236573627545,-0.002921760672185747
134,1.495632583,0.01079863787,-0.004247257512558321,-0.0029644157550871067
135,1.505611583,0.03038914919,-0.004340402316580404,-0.003007263883804595
136,1.515621583,0.006513800521,-0.00458432047751146,-0.003051932121389024
137,1.525631583,-0.02993423353,-0.004866222594175226,-0.0030992320894628164
138,1.535610583,-0.0161815846,-0.005030469753610279,-0.003148611635932092
139,1.545620583,-0.01595237374,-0.005062650215768528,-0.0031991277013788334
140,1.555599583,-0.01977411389,-0.004937820929944242,-0.003249025052160367
141,1.565609583,-0.005782898564,-0.004639386667797733,-0.003296958976187066
142,1.575588583,-0.003328235149,-0.004209836362925079,-0.0033411121744988575
143,1.585598583,0.01761415243,-0.0036696198147217534,-0.0033805488526679793
144,1.595577583,0.003544582129,-0.0030753295091031385,-0.003414202777319204
145,1.605587583,-0.005563040972,-0.002378871582094039,-0.0034415010537806458
146,1.615597583,-0.01601552139,-0.0015317761396519843,-0.0034610738456279846
147,1.625576583,-0.009714564085,-0.00048747307887079226,-0.003471148889603804
148,1.635586583,-0.004578369856,0.000744282911433144,-0.0034698635563918294
149,1.645565583,0.02266498188,0.002142145794761874,-0.0034554617203622694
150,1.655575583,-0.004192453623,0.0036317015000768547,-0.0034265636146516014
151,1.665554583,0.01345912327,0.005281082438082628,-0.0033820932791921547
152,1.675564583,-0.03800222397,0.007055719444375537,-0.003320347585770451
153,1.685543583,-0.01444846988,0.009075102381762852,-0.003239862850268934
154,1.695553583,-0.03067098498,0.011236006527155484,-0.003138205750179799
155,1.705532583,-0.01505774746,0.01348010490975949,-0.0030148847121653096
156,1.715542583,-0.01300186644,0.015619071086933483,-0.0028692433363018636
157,1.725551583,0.008117109337,0.017447651874880225,-0.0027037609212394644
158,1.735531583,-0.04298288226,0.018676529529197638,-0.002523501256033118
159,1.745540583,0.0001719104243,0.019148073343329023,-0.0023342080309575594
160,1.755520583,0.009332160749,0.018414795912587115,-0.002146769313370536
161,1.765529583,-0.03197608123,0.016066629711810606,-0.0019742070188332387
162,1.775509583,0.02066990733,0.01177910727604012,-0.0018352567912638621
163,1.785518583,-0.009877114396,0.004957284284867192,-0.001751499519697302
164,1.795498583,0.0102279519,-0.004815302697603766,-0.0017507910315768575
165,1.805507583,0.002689721484,-0.018087612239425756,-0.001865408669379221
166,1.815517583,-0.008646864791,-0.03533591947660938,-0.0021327934456179787
167,1.825496583,0.009311103921,-0.05700454540174053,-0.0025935261951285037
168,1.835506583,0.003815895219,-0.0835651229195227,-0.003297077385076416
169,1.845485583,-0.01637337099,-0.11534824864255046,-0.004289555652485398
170,1.855495583,-0.0270843029,-0.15252927336189476,-0.005630282650117627
171,1.865474583,0.01861636519,-0.19515997126594506,-0.007365078136188226
172,1.875484583,-0.01513961305,-0.24322328141113528,-0.00955918631583703
173,1.885463583,-0.01442391157,-0.2962185295593573,-0.012250731231674292
174,1.895473583,-0.08035828471,-0.3533707197337479,-0.015501925424386307
175,1.905452583,-0.3435227501,-0.41333898653645446,-0.019327423503821467
176,1.915462583,-0.8486859298,-0.4739609587877525,-0.023768359730169157
177,1.925472583,-0.3534033751,-0.5324730056745595,-0.028805561722302954
178,1.935451583,-0.7137240064,-0.5887322861995987,-0.03439981552610917
179,1.945461583,-0.9815089417,-0.6405662569686884,-0.04055245473466636
180,1.955440583,-0.8409722829,-0.6861766486483305,-0.047172238462242444
181,1.965450583,-0.5213237143,-0.7251163101473322,-0.05423575972101479
182,1.975429583,-1.240484462,-0.7575308692719807,-0.061633427822727425
183,1.985439583,-0.815553267,-0.7811150894371481,-0.06933435084606668
184,1.995418583,-0.9717546165,-0.7966323739407948,-0.0772065218145909
185,2.005428583,-1.204029411,-0.803696931281588,-0.08521616998722897
186,2.015438583,-0.6698149252,-0.8020228055384222,-0.09325279727001301
187,2.025417583,-0.5136311173,-0.7934935427273827,-0.10121362608968522
188,2.035427583,-0.7004438102,-0.7790013698315406,-0.10908396312704287
189,2.045410208,-0.8066619909,-0.7582908731927802,-0.11675706911580296
190,2.055420208,-0.8481199193,-0.731136279298877,-0.12421165201402393
191,2.065399208,-1.046962674,-0.6975060937872573,-0.13133986313453716
192,2.075409208,-0.517834096,-0.6572162813419264,-0.13812024862205863
193,2.085388208,-0.5459545255,-0.612098792576373,-0.14445349618337397
194,2.095398208,-0.582454015,-0.5626213925515078,-0.15033297070993917
195,2.105377208,-0.6972243333,-0.5091229618323142,-0.15568043916613722
196,2.115387208,-0.7851009679,-0.45180524228312396,-0.1604898848277349
197,2.125397208,-0.3123009574,-0.3912096487896365,-0.164709174357554
198,2.135376208,0.03367879272,-0.3295338429406518,-0.16830532400954226
199,2.145386208,-0.7620231771,-0.26859166386014044,-0.17129894217108033
200,2.155365208,-0.2402924967,-0.20730294609692806,-0.1736734183274611
201,2.165375208,0.5533933532,-0.14804362785546102,-0.1754519279300928
202,2.175354208,-0.2435938164,-0.09380025587127001,-0.1766586079879473
203,2.185364208,0.1066076235,-0.043231498445580295,-0.17734445191830317
204,2.195343208,0.1236253417,0.0024216803598560155,-0.1775480725056419
205,2.205353208,0.01638504943,0.04282148269527547,-0.17732163047455096
206,2.215363208,0.2614301813,0.07806155869867956,-0.17671661085237422
207,2.225342208,0.1317728519,0.10746477075664976,-0.17579092723155687
208,2.235352208,0.339885782,0.13139217219310997,-0.17459544823209328
209,2.245331208,0.02495710412,0.14954194110497487,-0.1731937274737925
210,2.255341208,-0.06217929125,0.1629924578748621,-0.17162949280689843
211,2.265320208,0.8142107463,0.17215372993944567,-0.16995728090279896
212,2.275330208,0.35255319,0.17510989001059363,-0.16821922648494897
213,2.285309208,-0.1285533567,0.17366246731010915,-0.16647902680809734
214,2.295319208,0.3814898908,0.16991969673363538,-0.16475939807705842
215,2.305298208,0.369775579,0.1634917866040678,-0.16309584148094494
216,2.315308208,-0.3509522223,0.1553776244645934,-0.1614999000785463
217,2.325317208,-0.1323563858,0.1483408477284459,-0.15997994098445623
218,2.335297208,0.4949363995,0.1424422711464841,-0.15852893322127032
219,2.345306208,-0.2443598199,0.1364741489103269,-0.15713309599709605
220,2.355286208,-0.1766490809,0.13256653736763127,-0.155790582972569
221,2.365295208,0.4935400844,0.13061397562083424,-0.1544734960953182
222,2.375275208,-0.2221322143,0.12880417772790648,-0.153178999510108
223,2.385284208,0.0174118205,0.12871866079478825,-0.1518902264647212
224,2.395264208,0.4733321071,0.1294466941130108,-0.15060198134373126
225,2.405273208,0.2494410686,0.1294643840268813,-0.14930626085318016
226,2.415283208,-0.1930879247,0.12916899084176175,-0.14801180081196263
227,2.425262208,0.2015827596,0.12959006130612621,-0.14672072252127075
228,2.435272208,0.3411289001,0.129548357423046,-0.1454237347355312
229,2.445251208,-0.2870316303,0.1284964701706113,-0.14413622006825264
230,2.455261208,0.787977798,0.12778117201355976,-0.14285355046912088
231,2.465240208,0.1883890839,0.12462685836606487,-0.14159416060154176
232,2.475250208,-0.2019932524,0.12069823895111827,-0.14036630848946927
233,2.485229208,0.4142974484,0.11733055532420128,-0.13917866382043256
234,2.495239208,0.175874873,0.1133033172691673,-0.13802434128810273
235,2.505218208,-0.3960962355,0.10960135104070222,-0.13691215844557064
236,2.515228208,0.3266137719,0.10798835745448968,-0.13582312195455223
237,2.525238208,0.2818509789,0.10680285583467192,-0.13474809193203996
238,2.535217208,-0.8818969452,0.10629096186725465,-0.1336848603286162
239,2.545227208,0.5316323555,0.10925666846672785,-0.13260604443879465
240,2.555206208,0.4669457781,0.11171294184284708,-0.13150351656815504
241,2.565216208,-0.1845580248,0.11334621415727364,-0.13037709549237445
242,2.575195208,0.1180997229,0.11559165813474977,-0.1292348099785734
243,2.585205208,0.3946227372,0.11747456712527027,-0.12806831352114695
244,2.595184208,-0.09821683249,0.11807674543758148,-0.1268930302471146
245,2.605194208,0.351761477,0.1184789898392022,-0.12570906879205432
246,2.615173208,0.132722458,0.11750065235360055,-0.12453164836733334
247,2.625183208,-0.2800453405,0.11568680627524036,-0.12336454513689596
248,2.635193208,0.715736618,0.11399996240814098,-0.12221496285963565
249,2.645172208,-0.06249854009,0.10991203851027463,-0.12109775393105322
250,2.655182208,0.06718916735,0.10544736470763881,-0.12001988011794758
251,2.665161208,0.6213496935,0.10050795320182351,-0.11899226605923832
252,2.675171208,-0.06113964717,0.09406884533427086,-0.11801840918256513
253,2.685150208,-0.564954468,0.08843656005298696,-0.11710779846238542
254,2.695160208,0.5597177017,0.08531311785957096,-0.11623818132443309
255,2.705139208,-0.2580294406,0.08206508159262214,-0.11540304779826638
256,2.715149208,-0.4205832052,0.0807617900359408,-0.1145880993057654
257,2.725159208,0.7104834795,0.08161009787493465,-0.11377542800677148
258,2.735138208,0.06210208973,0.0814007412919222,-0.11296208542474845
259,2.745148208,-0.2808873761,0.08153290575196018,-0.11214660252129383
260,2.755127208,0.543609792,0.08275304673335224,-0.11132689776136832
261,2.765137208,-0.1298783358,0.08286289417132744,-0.11049798997714042
262,2.775116208,0.02515006224,0.08343662648837424,-0.10966823851880883
263,2.785126208,0.2735280887,0.0840271862223022,-0.10883008213619191
264,2.795105208,-0.4226823556,0.08390633335798797,-0.10799217784024606
265,2.805115208,0.56070822,0.08456735369069113,-0.1071489670365674
266,2.815094208,0.418922596,0.08328854292616818,-0.10631145004039759
267,2.825104208,-0.04402485609,0.08038169258003526,-0.10549228051168906
268,2.835113208,0.1783307401,0.0773329133626119,-0.10470299776624907
269,2.845093208,-0.09651297212,0.07403558606808883,-0.10394766895408987
270,2.855102208,-0.07874094486,0.07155463007053531,-0.10321906271742415
271,2.865082208,0.3639365494,0.07009403272099099,-0.10251223589009442
272,2.875092208,-0.6135202718,0.06875871797719593,-0.10181727787285001
273,2.885071208,0.07284695148,0.07000988823159798,-0.10112489191217124
274,2.895081208,0.6530778551,0.07185637965859983,-0.10041485124138078
275,2.905060208,-0.03488448858,0.07252931726970208,-0.09969443880655701
276,2.915070208,-0.3030062234,0.07375027416482138,-0.09896230945142723
277,2.925079208,0.3622548902,0.07621783266472254,-0.09821179406079876
278,2.935059208,0.09416823864,0.07814176161668028,-0.09744153968533455
279,2.945068208,-0.2631410766,0.0800809029959637,-0.0966497143602806
280,2.955048208,0.06659276962,0.08280119143262862,-0.09583693270908192
281,2.965057208,0.659772917,0.08513382135179079,-0.09499650193760228
282,2.975037208,-0.1098118703,0.08534620067477987,-0.09414580662768973
283,2.985046208,0.1164590033,0.08537706818378554,-0.09329142202868702
284,2.995026208,0.359029566,0.08482836097780236,-0.09244209693717069
285,3.005035208,-0.3474824846,0.08331590415715466,-0.09160061896230282
286,3.015015208,0.1594933319,0.08281744927683113,-0.09077161352866722
287,3.025024208,0.2971098912,0.08216561260781345,-0.08994595579546551
288,3.035034208,-0.362515676,0.08106594760105998,-0.0891289818366201
289,3.045045958,0.1979913998,0.08118486111894356,-0.08831677456951884
290,3.055055958,0.56024629,0.08101059520759091,-0.08750498631060455
291,3.065034958,-0.130178901,0.07961717379682973,-0.086703534057157
292,3.075044958,-0.2451456674,0.07897041183250773,-0.08590980319108218
293,3.085023958,0.3661900663,0.07953662537675169,-0.08511893232892659
294,3.095033958,0.03253742536,0.07979784698804568,-0.08432146329474076
295,3.105012958,-0.5453721428,0.08061039070939942,-0.08352110639274936
296,3.115022958,0.4445918727,0.08325680050400322,-0.0827009511007263
297,3.125001958,0.3808361721,0.08484914847609425,-0.0818621864682901
298,3.135011958,-0.319198333,0.08521037604782648,-0.08101103854804785
299,3.145021958,0.3813191521,0.08592015014150826,-0.08015453026447024
300,3.155000958,0.3030576789,0.08507082768108976,-0.0793013707806244
301,3.165010958,-0.4335418046,0.08280079896416939,-0.07846117328926488
302,3.174989958,0.7319450998,0.08092850286177981,-0.07764424593780432
303,3.184999958,-0.08050914288,0.07658726348143835,-0.07685587952725649
304,3.194978958,-0.2874678326,0.07195560740636159,-0.07611472487296181
305,3.204988958,0.6854889715,0.0677310974825549,-0.0754155929149928
306,3.214967958,-0.02181244413,0.06164447085687427,-0.07477007351676321
307,3.224977958,-0.2964526641,0.05581350216943737,-0.0741821963617665
308,3.234987958,0.5380911899,0.05134346943916794,-0.07364587571886544
309,3.244966958,-0.1729933834,0.04653029155783063,-0.07315753458837092
310,3.254976958,-0.8007036781,0.043581428448000975,-0.07270652542974174
311,3.264955958,0.2675533855,0.044196506042722655,-0.07226855742560027
312,3.274965958,0.4279892886,0.04530718175797531,-0.07182059146815777
313,3.284944958,-0.3759502387,0.04604670708682054,-0.07136478123976665
314,3.294954958,0.3243988466,0.048111417257368616,-0.07089351982742399
315,3.304933958,0.2756903708,0.049473212417096804,-0.07040662131766325
316,3.314943958,-0.1847065258,0.0500613763510331,-0.06990845070087874
317,3.324922958,0.04995393276,0.050995866700868725,-0.06940422558667128
318,3.334932958,-0.25168872,0.051613341491377515,-0.0688906664996691
319,3.344942958,0.2075094974,0.05234297071277873,-0.0683703651570873
320,3.354921958,0.4612505901,0.05158926279399492,-0.06785179527800526
321,3.364931958,0.01670316537,0.04841445087608984,-0.06735127669108648
322,3.374910958,0.08933025241,0.04393845506302016,-0.06689048186690329
323,3.384920958,0.4236588407,0.03817348436683615,-0.06647951161005686
324,3.394899958,-0.221685487,0.030665495248499083,-0.06613603952126615
325,3.404909958,-0.5912026191,0.02355631502948173,-0.06586465936082485
326,3.414888958,0.4615686786,0.018033023494409363,-0.0656571493562599
327,3.424898958,0.1320581961,0.011426368925914102,-0.06550970509719618
328,3.434907958,-0.3124904072,0.004576471287618969,-0.06542961888334756
329,3.444887958,0.723447926,-0.0012545844570936993,-0.06541304266806323
330,3.454896958,-0.2305872881,-0.008317979596802541,-0.06546094856487096
331,3.464876958,-0.547958951,-0.013677996298059936,-0.06557070848458632
332,3.474885958,-0.07780071259,-0.01604080409276891,-0.06571943622114222
333,3.484865958,-0.341263386,-0.016545087516047774,-0.06588203982027022
334,3.494874958,0.2300668859,-0.014924224271263734,-0.06603952799110982
335,3.504854958,0.274627347,-0.013116416628250912,-0.0661794507891984
336,3.514863958,-0.09777947903,-0.011603110565887979,-0.06630315966304147
337,3.524843958,0.176578896,-0.009567626536009097,-0.06640880164117993
338,3.534853958,-0.08129500866,-0.007646527508002688,-0.06649495848217021
339,3.544862958,-0.5571940434,-0.0051006105349715725,-0.06655875153450629
340,3.554842958,0.1777553558,-0.000858884484733452,-0.06658848941465462
341,3.564851958,0.3544780934,0.0028226256882266584,-0.06657866187180174
342,3.574831958,-0.007917129993,0.005104098748903867,-0.06653910751686046
343,3.584840958,0.4038847268,0.006790341248616799,-0.06647958179189287
344,3.594820958,-0.01820939898,0.007084288238502087,-0.06641034739075215
345,3.604829958,-0.1574982619,0.007505937072421892,-0.06633733060818363
346,3.614809958,-0.4568476367,0.008958901214114842,-0.0662551710651338
347,3.624818958,-0.06138523023,0.012418992931830436,-0.06614818539388041
348,3.634798958,0.3174008989,0.016723262212029705,-0.06600276554071255
349,3.644807958,0.01653007865,0.020629730288081977,-0.06581583248974575
350,3.654817958,0.06046138386,0.024750690461168803,-0.06558870348389574
351,3.664796958,0.262577405,0.028988637225207697,-0.06532057110840457
352,3.674806958,-0.2953791153,0.03297893820256507,-0.06501042339338857
353,3.684785958,-0.4271741867,0.038271346494832936,-0.06465492009789091
354,3.694795958,0.5012724423,0.04503760719732978,-0.06423795878466164
355,3.704774958,0.1608873081,0.050564207462327704,-0.06376095353041727
356,3.714784958,-0.3002334738,0.05543484855851338,-0.06323042825503294
357,3.724763958,0.4551835191,0.060649950829011624,-0.0626512231484889
358,3.734773958,0.05156307737,0.0641740629003615,-0.06202647895977339
359,3.744783958,-0.06701611717,0.06694792880441916,-0.061370213391290944
360,3.754762958,0.01616053462,0.06930927856773716,-0.06069035805510757
361,3.764772958,-0.06244241595,0.07097478103967422,-0.059988236336772485
362,3.774751958,0.6537245572,0.07190726579261936,-0.05927532636410276
363,3.784761958,-0.07054314395,0.07023815116463233,-0.05856388855223173
364,3.794740958,-0.1248345459,0.06793891936021756,-0.05787445405884796
365,3.804750958,0.5011414647,0.0653931442410742,-0.05720712708052351
366,3.814729958,-0.1469744432,0.06129539873134304,-0.056575014595362634
367,3.824739958,-0.5864558494,0.0576157056954726,-0.05597986451770643
368,3.834718958,0.7140701616,0.05557510640202945,-0.055415098960745944
369,3.844728958,0.04536386847,0.051844252701466816,-0.054877465068432926
370,3.854738958,-0.5844420683,0.048134442627452534,-0.05437707169831169
371,3.864717958,0.8347239482,0.04606752862203821,-0.05390705096276236
372,3.874727958,-0.1197147238,0.042102157467657116,-0.05346576168388344
373,3.884706958,-0.3102672958,0.03876511183968721,-0.05306227444367443
374,3.894716958,0.3253835177,0.03677341422361565,-0.05268420412072761
375,3.904695958,-0.4422611725,0.034617387133584546,-0.052327999717355855
376,3.914705958,0.2708664179,0.03410052807319405,-0.051984066551745936
377,3.924684958,0.2183783019,0.03326518327404964,-0.051647945334978865
378,3.934694958,-0.110320578,0.03208419700147669,-0.05132087168669985
379,3.944673958,0.1707749498,0.03138147176159617,-0.0510042097324065
380,3.954683958,0.037396457,0.030515591169995884,-0.05069441493243389
381,3.964693958,-0.1968523622,0.029907700933912415,-0.05039199635545383
382,3.974672958,-0.267953335,0.030196086953171886,-0.05009210850579121
383,3.984682958,0.4491866148,0.031335124281910966,-0.04978414479355962
384,3.994661958,-0.08490858793,0.031208115320770318,-0.04947208529956205
385,4.004671958,0.1493624461,0.030899901057125027,-0.04916123467759067
386,4.014650958,0.4924875855,0.029745845663670945,-0.04885864272432727
387,4.024660958,-0.2427763939,0.02704163283909957,-0.0485744213944209
388,4.034639958,0.05638587455,0.02500088816133568,-0.04831475523588924
389,4.044645875,-0.3400366402,0.02330729950145731,-0.048073071377802076
390,4.054654875,-0.2218550563,0.023114007729530026,-0.0478407559457646
391,4.064634875,0.43411834,0.023961591761751853,-0.04760584870430309
392,4.074643875,0.06608990908,0.02391391520970089,-0.04736625572966447
393,4.084623875,-0.1428381228,0.02376130725106392,-0.04712835636958524
394,4.094632875,0.4048506868,0.024034703992692752,-0.046889161231315854
395,4.104612875,0.03315488219,0.023462268701080535,-0.04665215133757394
396,4.114621875,-0.599584018,0.02323953506485847,-0.04641843216062729
397,4.124601875,-0.2272882891,0.025110705425193974,-0.04617716446058194
398,4.134610875,0.6375558364,0.027803903050818528,-0.04591235330246373
399,4.144590875,-0.3333123422,0.028650890175244678,-0.04563064388426569
400,4.154599875,0.3331252313,0.029675382097058618,-0.04533875005467894
401,4.164609875,0.6230991805,0.028996157931896138,-0.04504509899683401
402,4.174589875,-0.4029269528,0.02596899270076347,-0.044770822895177045
403,4.184598875,0.1345947182,0.023555338207508346,-0.0445229783811466
404,4.194578875,-0.4182279468,0.020859059337210772,-0.044301350537398435
405,4.204587875,-0.1574865675,0.01938192216215097,-0.04409996454548489
406,4.214567875,0.4793126392,0.01828446675762206,-0.04391200926477522
407,4.224576875,0.1057550812,0.015685245714729137,-0.04374200783870733
408,4.234556875,-0.05325527529,0.01247930951888946,-0.04360146670809158
409,4.244565875,0.3134727395,0.009262598619454665,-0.04349265932881323
410,4.254545875,-0.2304013467,0.005455575392234471,-0.043419215640494904
411,4.264554875,-0.2675487077,0.002809514453345298,-0.0433778529983627
412,4.274564875,-0.2644262946,0.0016768077118771846,-0.04335539895592576
413,4.284543875,0.3271914768,0.0019102204861080434,-0.04333750147873191
414,4.294553875,-0.1089394748,0.0017500917058799678,-0.04331918161621101
415,4.304532875,0.2202809858,0.0020398846134723272,-0.0433002715293656
416,4.314542875,0.1966360152,0.001889469573630051,-0.043280605111659154
417,4.324521875,-0.2384400988,0.0014675875730122698,-0.04326385507502598
418,4.334531875,-0.09924479127,0.0020852044064951607,-0.04324607335116855
419,4.344510875,0.08938989401,0.003509972678560791,-0.04321815621510266
420,4.354520875,-0.50978248,0.005252662592669627,-0.04317429922557015
421,4.364530875,0.2961275589,0.008566455815472468,-0.043105134537937406
422,4.374509875,0.4031245887,0.011038404725631931,-0.04300731608626756
423,4.384519875,-0.07796794295,0.012127834315714934,-0.042891369059865625
424,4.394498875,0.04441427608,0.013101586425300946,-0.04276548686507832
425,4.404508875,0.04026275297,0.013854232847703742,-0.04263057298961693
426,4.414487875,-0.08294275403,0.014586896369763028,-0.042488665975386385
427,4.424497875,-0.2610278928,0.015784764689122474,-0.04233665581178666
428,4.434476875,-0.1349198234,0.01789430717064787,-0.04216861408274234
429,4.444486875,0.3362909138,0.020312340412862746,-0.041977389811586864
430,4.454465875,-0.07899002711,0.0214941521778937,-0.04176879631680527
431,4.464475875,0.1580724585,0.022193610705677488,-0.041550139063573015
432,4.474485875,0.4376792943,0.021675649873647715,-0.04133057341437348
433,4.484464875,-0.3104965067,0.019327214729313376,-0.041125989621437015
434,4.494474875,0.04224846741,0.017276618909192222,-0.04094278743407629
435,4.504453875,0.198870821,0.014892421682018861,-0.04078228000604644
436,4.514463875,-0.5992460489,0.011981696126496216,-0.04064777504641483
437,4.524442875,0.2903294599,0.010585550109863274,-0.04053517577131851
438,4.534452875,0.384519918,0.008352325749545433,-0.040440391702642166
439,4.544431875,-0.3741820407,0.004987421480333279,-0.04037383303383869
440,4.554441875,0.1748399341,0.0025200590844645376,-0.040336258093611875
441,4.564420875,0.2531516933,-0.00027797810075599894,-0.040325071230543665
442,4.574430875,-0.3746626818,-0.0034066758785914475,-0.0403435129237103
443,4.584440875,-0.06752247691,-0.005031067005715845,-0.04038574382684626
444,4.594419875,-0.04889325241,-0.005799124706769583,-0.0404397810683957
445,4.604429875,0.1771191788,-0.005865321923808476,-0.040498161623781746
446,4.614408875,0.2089011347,-0.005873067544494154,-0.04055673031803384
447,4.624418875,0.02725270728,-0.005784548202593338,-0.04061507668484802
448,4.634397875,0.1721993315,-0.004792012197063364,-0.04066784843296211
449,4.644407875,-0.004242739677,-0.002701169934801892,-0.040705351809532095
450,4.654386875,-0.2374226832,0.0016158652673292917,-0.04071076693717045
451,4.664396875,0.1289708662,0.009404948360689804,-0.04065560776496221
452,4.674405875,0.120730979,0.020323288364380073,-0.04050683280427161
453,4.684385875,-0.4797160971,0.03498520945153882,-0.040230843400170156
454,4.694394875,0.03128260374,0.05537774966756308,-0.0397786219712586
455,4.704374875,0.2236068821,0.08043024172039943,-0.03910094009423269
456,4.714383875,-0.03879276752,0.10969457809934458,-0.03814946043344477
457,4.724363875,0.02999154081,0.14388219249674403,-0.03688411234817033
458,4.734372875,0.3222844934,0.18280755285178255,-0.0352491935175736
459,4.744352875,0.02772866607,0.22566139629600804,-0.0332109334613262
460,4.754361875,0.1752200031,0.2730573806803233,-0.030715095341948107
461,4.764341875,-0.2407006323,0.32440820335663667,-0.027733742077603513
462,4.774350875,0.1138710256,0.3801325782428343,-0.02420786773608922
463,4.784360875,0.8335124052,0.438206344231276,-0.020112081429106175
464,4.794339875,0.2591404116,0.4954507633931297,-0.015453599290614014
465,4.804349875,0.6870244503,0.5519417861075004,-0.01021139958036367
466,4.814328875,1.099400504,0.6053403206128701,-0.0044371405088821465
467,4.824338875,0.4556173825,0.6535427251308124,0.001863569135064612
468,4.834318875,0.585858264,0.6973591903534316,0.008604569693331357
469,4.844327875,1.312554903,0.735703053388516,0.015776329692138047
470,4.854307875,0.7860797918,0.7660854808860023,0.023270254478167635
471,4.864316875,0.6905292714,0.7894567706619183,0.031054965676039326
472,4.874296875,1.000425854,0.8059043414604684,0.03901581762552976
473,4.884305875,1.060875539,0.8145199504444036,0.04712523099436782
474,4.894315875,0.798855958,0.8151911302507275,0.055281934953247194
475,4.904294875,0.7083609402,0.8088306452482911,0.06338499160209915
476,4.914304875,0.7653905886,0.7959613574335385,0.07141697557552194
477,4.924283875,0.7814283317,0.7766354241785141,0.0792634472173756
478,4.934293875,0.7791385621,0.750927951895259,0.08690890191462439
479,4.944272875,0.8794709355,0.7189458876710217,0.09424283743714064
480,4.954282875,0.7163979381,0.6806177611649828,0.10124765349956442
481,4.964261875,0.7538955474,0.6366465271831993,0.10782014366627794
482,4.974271875,0.6987440246,0.5873698391650457,0.11394634557985109
483,4.984281875,0.65341407,0.5334860166083084,0.11955622913799639
484,4.994260875,0.5097438884,0.4758371548861254,0.12459224710216807
485,5.004270875,0.5843543601,0.4156449443672741,0.12905411500893108
486,5.014249875,0.1783646357,0.3537330354871505,0.1328929264394149
487,5.024259875,0.1905554956,0.29216504726968184,0.13612564634361293
488,5.034238875,0.2145302492,0.2318788843902898,0.13874036354063024
489,5.044264958,-0.02283807317,0.17363297111592044,0.140773211301025
490,5.054243958,0.1174103361,0.1186964041446189,0.1422317887188874
491,5.064253958,0.1084693587,0.06726860134813331,0.14316254357137864
492,5.074232958,-0.09749296546,0.01985868988372471,0.14359726519097998
493,5.084242958,-0.1322172495,-0.022549729556899795,0.14358379653741574
494,5.094252958,-0.1747475481,-0.059494929549064046,0.14317316301859037
495,5.104231958,-0.2590275604,-0.0906586708957958,0.14242397162917078
496,5.114241958,-0.2266000718,-0.1158049491724446,0.1413906212107292
497,5.124220958,-0.2660641362,-0.13518559511261424,0.14013830389001886
498,5.134230958,-0.3035558617,-0.14906624350783176,0.13871562343772362
499,5.144209958,-0.1763964629,-0.15790889461718882,0.13718397098604876
500,5.154219958,-0.1456670058,-0.1627416651422373,0.13557911493445293
501,5.164198958,-0.173727209,-0.1644163947512134,0.13394675979461448
502,5.174208958,-0.09018748163,-0.1636319087935827,0.13230487803537272
503,5.184187958,-0.168010971,-0.16132430838855674,0.13068350898974251
504,5.194197958,-0.06480470935,-0.1579829530202845,0.1290853761463912
505,5.204207958,-0.1057083217,-0.1544750364529745,0.12752152390907764
506,5.214186958,-0.002456415296,-0.15122830633546702,0.12599621708023465
507,5.224196958,-0.02161542038,-0.14888946358592062,0.12449412764177806
508,5.234175958,-0.01037937423,-0.1476257818228762,0.12301466482481094
509,5.244185958,-0.09695560634,-0.1474708159764738,0.12153770635282515
510,5.254164958,-0.1025092918,-0.1480472445106331,0.12006321899002481
511,5.264174958,-0.1655101168,-0.14906606324953034,0.11857616688468516
512,5.274153958,-0.1957852453,-0.15005107256413291,0.11708372193554283
513,5.284163958,-0.1611796689,-0.15061838509682954,0.1155788712999498
514,5.294142958,-0.2688222313,-0.150586839020882,0.11407600783421441
515,5.304152958,-0.1797972035,-0.14950009936727185,0.11257407270758166
516,5.314161958,-0.2500672871,-0.14748504522957173,0.11108781055144686
517,5.324141958,-0.1605879307,-0.14438860808892567,0.10963136102138747
518,5.334150958,-0.1897526729,-0.14054117065418253,0.10820542994366757
519,5.344130958,-0.1627478921,-0.13605458523536396,0.10682521712177878
520,5.354139958,-0.1511668968,-0.13123060367606482,0.10548758839387151
521,5.364119958,-0.1357588989,-0.12638032220228554,0.10420210987373858
522,5.374128958,-0.07934788585,-0.12185360421475067,0.1029598231889845
523,5.384108958,-0.02422911664,-0.11809926222765905,0.10176245838543692
524,5.394117958,-0.02608911593,-0.11549893473095531,0.10059341620875752
525,5.404097958,-0.02461560845,-0.11417429832816853,0.09944734677579242
526,5.414106958,-0.02073890448,-0.11411737181555079,0.09830486111255826
527,5.424116958,-0.07263936619,-0.11518836925340845,0.09715718587850809
528,5.434095958,-0.13249089,-0.1169907071912473,0.09599872837658743
529,5.444105958,-0.14086646,-0.11904688411645797,0.09481736023209243
530,5.454084958,-0.1273909485,-0.1210091056396286,0.09361960087120438
531,5.464094958,-0.1791873389,-0.12260792903393206,0.09240029761266329
532,5.474073958,-0.1571316415,-0.12344985350467189,0.09117259230668687
533,5.484083958,-0.1840317571,-0.12337859357647865,0.08993721592904567
534,5.494063958,-0.2018721968,-0.12218845211974703,0.08871183637102155
535,5.504072958,-0.1989076585,-0.11978428098107045,0.0875008838282185
536,5.514082958,-0.1758076483,-0.11623486286499404,0.0863196080132689
537,5.524061958,-0.1408541534,-0.11177081346309602,0.08518197369122996
538,5.534071958,-0.1208455662,-0.10673773711136822,0.08408833839560473
539,5.544050958,-0.05024979274,-0.10149480466835172,0.08304936212839487
540,5.554060958,-0.08317605793,-0.0965259676255335,0.08205826816306394
541,5.564039958,-0.06876734912,-0.09202470702583698,0.0811174945718909
542,5.574049958,0.0006771075726,-0.08826132115174448,0.08021516300086215
543,5.584028958,-0.04889557759,-0.08558378732901804,0.07934776283209735
544,5.594038958,-0.002285082741,-0.08396101084909757,0.07849919111721593
545,5.604017958,-0.006000997424,-0.08350332886380292,0.07766362779421837
546,5.614027958,-0.03082535604,-0.08409368573065261,0.07682480473617309
547,5.624037958,-0.07102672239,-0.08545352956533973,0.0759762209236167
548,5.634016958,-0.09886939089,-0.08719163668463795,0.0751148078666124
549,5.644026958,-0.1038804547,-0.08892034468583188,0.07423336739985317
550,5.654005958,-0.2396253294,-0.09031674257718508,0.07333906395295439
551,5.664015958,-0.0900512141,-0.09081363693089464,0.07243250640351642
552,5.673994958,-0.1351554662,-0.09065666510523868,0.07152706033150717
553,5.684004958,-0.20596057,-0.08969153810452424,0.07062441757444228
554,5.693983958,-0.1119870436,-0.08777906570989111,0.0697389279967103
555,5.703993958,-0.1679489905,-0.08529533709991186,0.06887269061064721
556,5.713972958,-0.0433471638,-0.08234685802992861,0.06803623987804684
557,5.723982958,0.1724028146,-0.07953633683477397,0.06722601448774905
558,5.733992958,-0.3672384721,-0.07759216872499541,0.06643958631742237
559,5.743971958,0.1930920178,-0.07531064059956634,0.06567667775029744
560,5.753981958,-0.2634527332,-0.07418328442729262,0.06492846065553805
561,5.763960958,0.07865675409,-0.07321072527140635,0.06419303824414636
562,5.773970958,0.003939264617,-0.07331862011225551,0.06345965887050117
563,5.783949958,-0.09566571057,-0.07434773128048755,0.06272287761022705
564,5.793959958,0.09307890236,-0.07596973185703979,0.0619705387072237
565,5.803938958,-0.1909887743,-0.07847928390939388,0.06119991534305712
566,5.813948958,0.1013322473,-0.08094475240648166,0.06040199804129614
567,5.823927958,-0.2396212363,-0.08378601622963675,0.059580073871186266
568,5.833937958,-0.02124060015,-0.08584747852477062,0.05873105822994043
569,5.843947958,-0.2356047839,-0.08735612844478838,0.05786417417705776
570,5.853926958,-0.160396142,-0.08755395652956012,0.05699146030807829
571,5.863936958,-0.1643821889,-0.08650197940660138,0.056120310348717777
572,5.873915958,-0.2187636334,-0.08421029643958282,0.0552685414483832
573,5.883925958,-0.0541902405,-0.08070473570724107,0.054443141712488395
574,5.893904958,-0.132629469,-0.07666489208485744,0.05365794595461969
575,5.903914958,0.04474874139,-0.07223195690330834,0.05291271722543396
576,5.913893958,-0.07068932891,-0.06815557723924154,0.05221225362382968
577,5.923903958,-0.0130392909,-0.06440643882324415,0.051548780733436925
578,5.933882958,-0.04117901166,-0.06131316891658679,0.05092150275061907
579,5.943892958,-0.05559298754,-0.0589507113961616,0.050319582029653746
580,5.953901958,0.0349201566,-0.05739220457667195,0.04973734390666769
581,5.963881958,-0.01374037206,-0.05692139781659724,0.049166919030725294
582,5.973890958,0.04846932014,-0.05739657801048963,0.048594814720698626
583,5.983870958,-0.04653506577,-0.05883712435940785,0.04801480854587286
584,5.993879958,-0.01883856396,-0.060778796202136276,0.0474161906714226
585,6.003859958,-0.127694419,-0.06298971625153947,0.04679858579427878
586,6.013868958,-0.09897698879,-0.06489457312290356,0.04615858886810437
587,6.023848958,-0.1192457771,-0.06629890598041611,0.045503933407378766
588,6.033857958,-0.1387210983,-0.06696024577874156,0.04483703798240011
589,6.043908208,-0.1112274903,-0.06671857932377485,0.04416528517640677
590,6.053887208,-0.1425761676,-0.06561954568365554,0.04350498410168223
591,6.063897208,-0.0830070734,-0.06365614486729784,0.042857959270474685
592,6.073876208,-0.06855099758,-0.06112490420056919,0.042235364226150596
593,6.083886208,-0.06138289591,-0.05825919877574594,0.04163784679075412
594,6.093865208,-0.05286759575,-0.05528839409787167,0.041071301076111184
595,6.103875208,-0.0334805721,-0.05244924977959341,0.0405320741685045
596,6.113854208,-0.006448304853,-0.04999722186135219,0.040020917498251984
597,6.123864208,-0.01434672832,-0.04817465958845807,0.039529567231595716
598,6.133843208,0.02432967961,-0.04708615619843889,0.03905426339122697
599,6.143853208,0.01277148386,-0.04688026321182426,0.03858396146207859
600,6.153863208,-0.0006162988138,-0.04749370851755482,0.03811161973357308
601,6.163842208,-0.01829009513,-0.04876837625277862,0.037631320061611476
602,6.173852208,-0.05602275789,-0.050465838643339464,0.037134652816056435
603,6.183831208,-0.04810562789,-0.052260178428299296,0.03662210135387747
604,6.193841208,-0.09734795451,-0.05392750624015197,0.036090631992111856
605,6.203820208,-0.10090657,-0.05512052933179629,0.03554653681862564
606,6.213830208,-0.1245176268,-0.0556517785076662,0.03499212141788912
607,6.223809208,-0.08860578239,-0.05536271467267007,0.03443821460416586
608,6.233819208,-0.1215910953,-0.05432174393955985,0.03388924388881163
609,6.243798208,-0.07465374569,-0.05250680044561268,0.03335622286660179
610,6.253808208,-0.0600585107,-0.05016201791579161,0.03284236543070299
611,6.263818208,-0.05777049978,-0.047498874120631335,0.03235357266606068
612,6.273797208,-0.04513699651,-0.04471846651951175,0.03189345424493667
613,6.283807208,-0.0322012036,-0.04205874825735912,0.03145913428497846
614,6.293786208,-0.009524534144,-0.03975918690079551,0.031050903697506828
615,6.303796208,0.009319290023,-0.03806453742541986,0.03066139595725414
616,6.313775208,0.0393552651,-0.037165938928582554,0.03028603349548583
617,6.323785208,0.0249828136,-0.03720530242782892,0.02991380543249698
618,6.333764208,-0.01420346926,-0.038116780721034714,0.029537985898625743
619,6.343774208,-0.008587220907,-0.039688926782753355,0.02914856833256927
620,6.353753208,-0.02474775553,-0.04176590523746151,0.028742149448204427
621,6.363763208,-0.03334725559,-0.04410008216367522,0.028312390181261724
622,6.373773208,-0.07465491056,-0.04643331356144653,0.027859270535657475
623,6.383752208,-0.08234166026,-0.04842396007513144,0.02738598016884779
624,6.393762208,-0.1057644367,-0.04984221035815614,0.02689415798582917
625,6.403741208,-0.1136499918,-0.05047771705739665,0.026393611707989293
626,6.413751208,-0.09606682956,-0.05023723244198137,0.02588953338574489
627,6.423730208,-0.08176278591,-0.04917596828589087,0.025393511220713153
628,6.433740208,-0.06700616777,-0.04741204976498051,0.024910088190368572
629,6.443719208,-0.08126343369,-0.0451137766321286,0.024448430579560178
630,6.453729208,-0.04853890657,-0.04241960690351698,0.02401032599496426
631,6.463708208,-0.02695156882,-0.039619323151947376,0.02360099275345254
632,6.473718208,0.001817897062,-0.036989274360616525,0.023217566722902146
633,6.483728208,0.01350823532,-0.034801114976531045,0.022858255824269744
634,6.493707208,0.03817880531,-0.033232176975592186,0.022518803714074612
635,6.503717208,0.002272812724,-0.03241241382846687,0.02219025253710029
636,6.513696208,0.01160496434,-0.032238579028513986,0.0218676764082404
637,6.523706208,-0.02911445846,-0.03264714238245368,0.021542923372578498
638,6.533685208,-0.02125580062,-0.03340539640913194,0.021213354230277898
639,6.543695208,-0.04986213148,-0.034375017405479345,0.020874113259135758
640,6.553674208,-0.02437236657,-0.03532477820653178,0.020526346128929614
641,6.563684208,-0.03529671957,-0.036157928342996117,0.020168575182649248
642,6.573663208,-0.0683843565,-0.036686110296332924,0.019805119851858302
643,6.583673208,-0.1049423182,-0.03667376158031974,0.019437953693115646
644,6.593682208,-0.1065549803,-0.03592643517364474,0.019074626008460455
645,6.603662208,-0.07138163924,-0.03442570307672716,0.01872356883859108
646,6.613671208,-0.06646062255,-0.03233654689777554,0.018389457158593678
647,6.623651208,-0.03607323209,-0.029818472376826444,0.018079303612413423
648,6.633660208,-0.01710369051,-0.02713517144593844,0.017794279101902392
649,6.643640208,-0.01944783698,-0.024536419548523213,0.017536437862840037
650,6.653649208,0.00981747508,-0.02221305330578921,0.017302480125940628
651,6.663629208,0.01651195228,-0.020413082598937437,0.01708977570777605
652,6.673638208,0.02514886995,-0.01928969104566217,0.01689108317707165
653,6.683618208,0.03894187152,-0.018943975908207473,0.01670029717897183
654,6.693627208,0.03188486695,-0.019420028190433074,0.016508304520460197
655,6.703637208,0.004918677807,-0.02063101951946405,0.016307849026672157
656,6.713616208,0.001161844034,-0.02237118136082171,0.016093289545379964
657,6.723626208,-0.0122505038,-0.02444346406411066,0.01585898224502819
658,6.733605208,-0.0565355587,-0.02659518278052651,0.015604324916596862
659,6.743615208,-0.05380490899,-0.028491828210819962,0.01532861442658519
660,6.753594208,-0.08261297107,-0.029940914478275304,0.015037064256937937
661,6.763604208,-0.07414094031,-0.030724032298306534,0.014733436198321136
662,6.773583208,-0.08210192442,-0.03077943982232819,0.014426564624175244
663,6.783593208,-0.0578073281,-0.030077894286141993,0.01412197366696234
664,6.793573208,-0.06528767109,-0.028734278761678632,0.013828500923453725
665,6.803582208,-0.06546601117,-0.026840431988816277,0.01355037728350287
666,6.813592208,-0.04080362499,-0.024558830033906742,0.013293123977079133
667,6.823571208,0.007512501528,-0.02216194359615088,0.013060010677051972
668,6.833581208,0.01773109674,-0.019995560410458135,0.012849012369498888
669,6.843560208,0.0195384711,-0.01828201332741125,0.01265802641533378
670,6.853570208,0.02864434004,-0.017168709877889834,0.012480595545691258
671,6.863549208,0.01903268695,-0.016760356195250875,0.012311306470519316
672,6.873559208,0.01544366484,-0.017053631565808414,0.012142067461775223
673,6.883538208,0.0363492161,-0.018003269816672964,0.011967151052327325
674,6.893548208,0.009274267604,-0.019564800678401915,0.01177912285949947
675,6.903558208,-0.01024724772,-0.021512519119130484,0.011573530873912831
676,6.913537208,-0.03515287578,-0.023592071732784645,0.011348481517857192
677,6.923547208,-0.0618009764,-0.025520861556148446,0.011102671286746095
678,6.933526208,-0.07078756213,-0.027030408390850812,0.010840466725345532
679,6.943536208,-0.06363992572,-0.02794385904400931,0.010565320516834049
680,6.953515208,-0.07667219996,-0.028184138259108205,0.010285269874290157
681,6.963525208,-0.07787555695,-0.0276871236017402,0.010005634208676603
682,6.973504208,-0.04897978663,-0.026486752115229238,0.009735333655786797
683,6.983514208,-0.04896341443,-0.024755030135170462,0.009478868535623538
684,6.993493208,-0.02326724052,-0.022638911858952004,0.009242396462043855
685,7.003503208,-0.005112221787,-0.02037464151448622,0.00902711362740981
686,7.013513208,-0.006190449495,-0.01818374409377357,0.008834128907440463
687,7.023492208,0.0208535099,-0.016224893723149673,0.008662447009052918
688,7.033502208,0.0101379025,-0.01469599110388799,0.008507687980493605
689,7.043491208,0.02715856254,-0.01366106307758783,0.008366058673384223
690,7.053501208,0.01697212815,-0.013203137863567305,0.008231603347673738
691,7.063480208,0.01088517666,-0.013287392205142417,0.008099428847895917
692,7.073490208,0.01554248393,-0.013841543897410925,0.007963648522702633
693,7.083469208,0.01018818855,-0.014778605025228975,0.007820848289653116
694,7.093479208,-0.02374963582,-0.015946228685734205,0.007667070496929754
695,7.103458208,-0.03483771086,-0.01709535678928036,0.007502209506202162
696,7.113468208,-0.03380275369,-0.018035675022932345,0.007326378691982048
697,7.123478208,-0.06063679576,-0.01862878631998843,0.0071428730629607235
698,7.133457208,-0.05557778478,-0.01870321849203146,0.006956605024951143
699,7.143467208,-0.07355329514,-0.018216883939380236,0.0067718199122819385
700,7.153446208,-0.03868810236,-0.01713688311747569,0.006595422291551749
701,7.163456208,-0.05406861842,-0.015623040186160078,0.006431458875417047
702,7.173435208,-0.02127977192,-0.013765245316064961,0.006284826024903703
703,7.183445208,0.008497758508,-0.011810814554000033,0.006156817845254023
704,7.193424208,0.002201475551,-0.010012407533004052,0.006047930878650922
705,7.203434208,0.001144884254,-0.008517775615265823,0.005955187311993828
706,7.213413208,0.04631871879,-0.007466988990113715,0.005875431328995284
707,7.223423208,-0.002676270604,-0.0070803669753650945,0.0058026218123880665
708,7.233432208,0.1044236702,-0.0073036960824222445,0.005730636768815369
709,7.243412208,0.03513241053,-0.008395801490442008,0.005652296275926779
710,7.253421208,0.0419970417,-0.010083427374038424,0.005559816975074485
711,7.263401208,-0.07329250932,-0.012182290856212558,0.005448711041105526
712,7.273410208,-0.06687986791,-0.014178584473315561,0.005316788040518912
713,7.283390208,-0.0456193918,-0.015901777523430027,0.005166687034155144
714,7.293399208,-0.01990567625,-0.017293062198983446,0.005000563458764323
715,7.303379208,-0.0003753912449,-0.018348266109199988,0.004822713230506493
716,7.313388208,-0.03834662497,-0.019053971914056028,0.004635533730319105
717,7.323368208,-0.04299165308,-0.019250713629476297,0.004444393349456886
718,7.333377208,-0.09696028411,-0.018876024105973208,0.004253588090459825
719,7.343387208,-0.05476034403,-0.017802509534247273,0.004070012029590516
720,7.353366208,-0.05128651321,-0.01621911395683378,0.0039002611391817754
721,7.363376208,0.01198796153,-0.014292170915238066,0.0037475521583970515
722,7.373355208,-0.01748200536,-0.012363929739769897,0.003614551544178884
723,7.383365208,0.03994291484,-0.010546437954799315,0.003499885153867572
724,7.393344208,0.01516884685,-0.009137312194494922,0.003401673082497664
725,7.403354208,0.03805017114,-0.008188675782652194,0.003314956512672048
726,7.413333208,0.03098965824,-0.00781306770404823,0.003235115813545153
727,7.423343208,0.01283756196,-0.007991155820166386,0.0031560156748064562
728,7.433322208,0.007371000051,-0.008621743315984701,0.0030731256145666345
729,7.443332208,-0.005361896753,-0.009598055943174436,0.0029819355192745403
730,7.453342208,0.01674701035,-0.01077431721339596,0.0028799717916259114
731,7.463321208,-0.0291097784,-0.012069694084929208,0.002765991597252913
732,7.473331208,-0.01678794086,-0.013222048949286906,0.0026394064233666577
733,7.483310208,-0.05443757772,-0.014114218799450202,0.0025030121154343407
734,7.493320208,-0.0796203661,-0.014532046816002802,0.002359637556028994
735,7.503299208,0.005565381,-0.014348575407377086,0.002215537691445447
736,7.513309208,-0.05212032616,-0.013762157241740312,0.0020748434745366104
737,7.523288208,0.002198553085,-0.01264769860810273,0.0019430714987738133
738,7.533298208,-0.03665853381,-0.011167329647787695,0.0018238772823530886
739,7.543277208,-0.03599896789,-0.009269137603237977,0.0017219095290040918
740,7.553287208,-0.001263582731,-0.007020672579536719,0.001640379029039302
741,7.563297208,0.009122826432,-0.004599905360275597,0.0015822180364505447
742,7.573276208,0.05017963529,-0.0021257958423515147,0.0015486601503000353
